-- tagger seed dump
-- generado 2026-05-12T19:55:38.715Z
-- idempotente: ON CONFLICT DO NOTHING en todas las tablas

BEGIN;

-- categorias (35)
INSERT INTO categorias (id, slug, nombre, descripcion, activo) VALUES
('0d24c0d3-b8cc-4d63-a88b-549ce204e712', 'agro', 'Agro', 'Agrícola, maquinaria, insumos', TRUE),
('19e24145-6c71-49b0-9470-4a2eab81ee02', 'alimentacion', 'Alimentación', NULL, TRUE),
('0d1b9ca3-d5da-4ff4-92a3-96f0fab0131b', 'automotor', 'Automotor', 'Repuestos, cubiertas, baterías, lavadero', TRUE),
('d21b4724-9e4a-47c3-927c-9e17d483d283', 'azar', 'Azar y apuestas', NULL, TRUE),
('aa77b186-6d10-4fc8-bc5e-795372e7d87c', 'belleza', 'Belleza y estética', 'Salones, estética, peluquería', TRUE),
('6dc3b64c-3725-4ff0-983a-8c73effe8620', 'combustible', 'Combustible', NULL, TRUE),
('07374d74-b06d-4c62-b106-9e860392f68c', 'comercial', 'Comercial', 'Venta de articulos en general', TRUE),
('6df6c8bd-2ea8-4454-b512-1a1e9b075bcb', 'construccion', 'Construcción', 'Ferretería, materiales, herramientas, pintura', TRUE),
('78be00e0-1a54-4b92-b525-322f8345c7f9', 'cripto', 'Cripto', NULL, TRUE),
('0ca42f9f-121e-4bf6-97a2-912fed9adfaa', 'deportes', 'Deportes', 'Gimnasios, canchas, tiendas deportivas', TRUE),
('f5ee95f5-f9cc-43e2-9f8a-0ef783352dc1', 'educacion', 'Educación', NULL, TRUE),
('462cf0a8-1748-49ac-8f37-25c126a3d66a', 'entretenimiento', 'Entretenimiento', NULL, TRUE),
('9cf54164-99da-4aca-a6df-3568f157b996', 'farmacia', 'Farmacia', NULL, TRUE),
('4fcc496a-a896-4082-95ee-040ea7dc327b', 'financiero', 'Financiero', NULL, TRUE),
('f9ff2e4c-1266-4155-85eb-7e3f05653196', 'floreria', 'Florería', 'Florerías, plantas', TRUE),
('a84b2f9f-6366-4825-a1bd-767f0f87c2fd', 'funeraria', 'Funeraria', 'Cementerios, servicios fúnebres', TRUE),
('c516da5c-60f8-43ff-943b-28cb70abb90f', 'hogar', 'Hogar', NULL, TRUE),
('2c219c2e-3385-44d5-8e16-a8fb8c6c9eee', 'inmobiliaria', 'Inmobiliaria', 'Inmobiliarias, alquileres, ventas', TRUE),
('05907169-6fd8-4880-bf93-d5422ef3cd8b', 'libreria', 'Librería y papelería', 'Libros, papelería, útiles', TRUE),
('c8c2eca3-6c6d-4ec0-98ad-7e3d172e12d2', 'mascotas', 'Mascotas', NULL, TRUE),
('e2c4aef4-13c2-4468-b9da-d34b55a7e6c8', 'medios', 'Medios y prensa', 'Diarios, revistas, medios', TRUE),
('4cba2289-609f-4a23-baab-fb2a3a9b15aa', 'optica', 'Óptica', 'Lentes, contactos, ópticas', TRUE),
('93309add-d382-47cd-8c32-d8f34b7992e7', 'otros', 'Otros', NULL, TRUE),
('621da7c5-3b90-4960-9086-05fbce17b36c', 'religioso', 'Religioso', 'Parroquias, iglesias, artículos religiosos', TRUE),
('b1980305-5255-4242-86ea-000e748be04c', 'restaurante', 'Restaurante', NULL, TRUE),
('4aa430ab-7a4c-49f2-919f-b19005f59afe', 'ropa', 'Ropa', NULL, TRUE),
('c71548fe-6c2c-4de3-b3be-867418802209', 'salud', 'Salud', NULL, TRUE),
('9a4128ac-e90c-44ad-a589-9af73f89b23e', 'seguros', 'Seguros', 'Compañías de seguros', TRUE),
('9b7e42a6-76ee-47dd-bec4-039f1b5acebc', 'servicios', 'Servicios', NULL, TRUE),
('54631841-35d8-4f89-85c4-cdfe91fce519', 'supermercado', 'Supermercado', NULL, TRUE),
('4fc9069b-7cef-4054-a1ab-a90ea47dbb37', 'tabaco', 'Tabaco y vapes', 'Cigarrillos, vapes, productos relacionados', TRUE),
('d9b5d2b5-9fdb-46b0-96d0-7ed9eda3ddd5', 'tecnologia', 'Tecnología', NULL, TRUE),
('54282e29-09ec-4da6-a925-a1216f83b8d7', 'transferencia', 'Transferencias P2P', NULL, TRUE),
('3c0cb735-cc8f-4fc5-9520-a6cf652d91da', 'transporte', 'Transporte', NULL, TRUE),
('d8984c74-7a3d-421e-b054-51372db59c47', 'viajes', 'Viajes', NULL, TRUE)
ON CONFLICT (slug) DO NOTHING;

-- mcc_catalogo (215)
INSERT INTO mcc_catalogo (cod_mcc, descripcion, categoria_id, ambiguo) VALUES
('1711', 'TECNICO EN REFRIGERACION', '9b7e42a6-76ee-47dd-bec4-039f1b5acebc', FALSE),
('1750', 'CARPINTERIA', '9b7e42a6-76ee-47dd-bec4-039f1b5acebc', FALSE),
('2741', 'MISCELLANEOUS PUBLISHING AND PRINTING, P', '9b7e42a6-76ee-47dd-bec4-039f1b5acebc', FALSE),
('2842', 'SANITATION, POLISHING, AND SPECIALTY CLE', '9b7e42a6-76ee-47dd-bec4-039f1b5acebc', FALSE),
('3001', 'AEROLINEAS-AMERICAN AIRLINES', 'd8984c74-7a3d-421e-b054-51372db59c47', FALSE),
('3018', 'AEROLINEAS - VARIG (BRAZIL)', 'd8984c74-7a3d-421e-b054-51372db59c47', FALSE),
('3030', 'AEROLINEAS - AEROLINEAS ARGENTINAS', 'd8984c74-7a3d-421e-b054-51372db59c47', FALSE),
('3052', 'AEROLINEAS - LANCHILE', 'd8984c74-7a3d-421e-b054-51372db59c47', FALSE),
('3055', 'AEROLINEAS - LAB (BOLIVIA)', 'd8984c74-7a3d-421e-b054-51372db59c47', FALSE),
('3102', 'AEROLINEAS - IBERIA', 'd8984c74-7a3d-421e-b054-51372db59c47', FALSE),
('3127', 'AEROLINEAS - TACA INTERNATIONAL', 'd8984c74-7a3d-421e-b054-51372db59c47', FALSE),
('3219', 'AEROLINEAS - COPA', 'd8984c74-7a3d-421e-b054-51372db59c47', FALSE),
('3247', 'AEROLINEAS - ATLANTIC AIR', 'd8984c74-7a3d-421e-b054-51372db59c47', FALSE),
('3248', 'AEROLINEAS - TAM', 'd8984c74-7a3d-421e-b054-51372db59c47', FALSE),
('3301', 'WIZZ AIRLINES', 'd8984c74-7a3d-421e-b054-51372db59c47', FALSE),
('3351', 'AEROLINEAS - AFFILIATED AUTO RENTAL', 'd8984c74-7a3d-421e-b054-51372db59c47', FALSE),
('3357', 'HERTZ RENT-A-CAR', 'd8984c74-7a3d-421e-b054-51372db59c47', FALSE),
('3389', 'AVIS RENT-A-CAR', 'd8984c74-7a3d-421e-b054-51372db59c47', FALSE),
('3412', 'A-1 RENT-A-CAR', 'd8984c74-7a3d-421e-b054-51372db59c47', FALSE),
('3501', 'HOLIDAY INNS', 'd8984c74-7a3d-421e-b054-51372db59c47', FALSE),
('3503', 'SHERATON HOTELS', 'd8984c74-7a3d-421e-b054-51372db59c47', FALSE),
('3533', 'HOTEL IBIS', 'd8984c74-7a3d-421e-b054-51372db59c47', FALSE),
('3619', 'ALOFT', 'd8984c74-7a3d-421e-b054-51372db59c47', FALSE),
('3638', 'HOWARD JOHNSON', 'd8984c74-7a3d-421e-b054-51372db59c47', FALSE),
('3722', 'HOTELES Y PARADORES WYNDHAM', 'd8984c74-7a3d-421e-b054-51372db59c47', FALSE),
('3750', 'CROWNE PLAZA HOTELS', 'd8984c74-7a3d-421e-b054-51372db59c47', FALSE),
('4111', 'ABONADO LOCAL/SUB-URBANO  DE TRANSPORTE', '3c0cb735-cc8f-4fc5-9520-a6cf652d91da', FALSE),
('4112', 'TREN DE PASAJEROS', '3c0cb735-cc8f-4fc5-9520-a6cf652d91da', FALSE),
('4121', 'TAXI - LIMOSINAS', '3c0cb735-cc8f-4fc5-9520-a6cf652d91da', FALSE),
('4131', 'OMNIBUS, TRANSPORTES DE ALQUILER Y TURIS', '3c0cb735-cc8f-4fc5-9520-a6cf652d91da', FALSE),
('4214', 'TRANSPORTES DE CARGAS , LOCALES Y EXTRAN', '3c0cb735-cc8f-4fc5-9520-a6cf652d91da', FALSE),
('4215', 'SERVICIOS DE GUIAS-AEREOS Y TERRESTRES .', 'd8984c74-7a3d-421e-b054-51372db59c47', FALSE),
('4411', 'BUQUE DE VAPOR/CRUCEROS', 'd8984c74-7a3d-421e-b054-51372db59c47', FALSE),
('4468', 'MARINA, MARINE SEEVICES AND SUPPLIES', 'd8984c74-7a3d-421e-b054-51372db59c47', FALSE),
('4511', 'AIRLINES, AIR CARRIERS', 'd8984c74-7a3d-421e-b054-51372db59c47', FALSE),
('4582', 'AIRPORTS, FLYING FIELDS, AIRPORT TERMINA', 'd8984c74-7a3d-421e-b054-51372db59c47', FALSE),
('4722', 'AGENCIAS DE VIAJES', 'd8984c74-7a3d-421e-b054-51372db59c47', FALSE),
('4784', 'PUENTE DE PEAJE', '3c0cb735-cc8f-4fc5-9520-a6cf652d91da', FALSE),
('4789', 'SERVICIOS DE TRANSPORTES - AUN NO CLASIF', '3c0cb735-cc8f-4fc5-9520-a6cf652d91da', FALSE),
('4812', 'EQUIPOS DE TELECOMUNICACION - VENTA DE T', 'd9b5d2b5-9fdb-46b0-96d0-7ed9eda3ddd5', FALSE),
('4813', 'KEY-ENTRY TELECOM MERCHANT PROVIDING SIN', '9b7e42a6-76ee-47dd-bec4-039f1b5acebc', FALSE),
('4814', 'SERVICIOS DE TELECOMUNICACIONES', '9b7e42a6-76ee-47dd-bec4-039f1b5acebc', FALSE),
('4816', 'COMPUTER NETWORK/INFORMATION SERVICES', '9b7e42a6-76ee-47dd-bec4-039f1b5acebc', FALSE),
('4829', 'GIRO POSTAL, TRANSFERENCIAS', '4fcc496a-a896-4082-95ee-040ea7dc327b', FALSE),
('4899', 'SERVICIOS DE CABLE', '9b7e42a6-76ee-47dd-bec4-039f1b5acebc', FALSE),
('4900', 'SERVICIOS PUBLICOS - GAS, SALUBRIDAD, AG', '9b7e42a6-76ee-47dd-bec4-039f1b5acebc', FALSE),
('5013', 'MOTOR VEHICLE SUPPLIES AND NEW PARTS*', '9b7e42a6-76ee-47dd-bec4-039f1b5acebc', FALSE),
('5021', 'COMMERCIAL FURNITURE, FURNITURE,OFFICE A', 'c516da5c-60f8-43ff-943b-28cb70abb90f', FALSE),
('5039', 'CONSTRUCTION MATERIALS-NOT ELSEWHERE CLA', 'c516da5c-60f8-43ff-943b-28cb70abb90f', FALSE),
('5045', 'COMPUTERS, COMPUTER PERIPHERAL EQUIPMENT', 'd9b5d2b5-9fdb-46b0-96d0-7ed9eda3ddd5', FALSE),
('5046', 'COMMERCIAL EQUIPMENT-NOT ELSEWHERE CLASS', '9b7e42a6-76ee-47dd-bec4-039f1b5acebc', FALSE),
('5047', 'DENTAL EQUIPMENT AND SUPPLIES, MEDICAL E', 'c71548fe-6c2c-4de3-b3be-867418802209', FALSE),
('5065', 'ELECTRICAL PARTS AND EQUIPMENT*', 'c516da5c-60f8-43ff-943b-28cb70abb90f', FALSE),
('5072', 'HARDWARE EQUIPMENT AND SUPPLIES*', 'c516da5c-60f8-43ff-943b-28cb70abb90f', FALSE),
('5111', 'OFFICE SUPPLIES, PRINTING AND WRITING PA', '9b7e42a6-76ee-47dd-bec4-039f1b5acebc', FALSE),
('5122', 'LAB.FARMACEUTICOS', '9cf54164-99da-4aca-a6df-3568f157b996', FALSE),
('5137', 'CHILDREN''S, MEN''S, WOMEN''S UNIFORMS AND', '4aa430ab-7a4c-49f2-919f-b19005f59afe', FALSE),
('5169', 'CHEMICALS AND ALLIED PRODUCTS-NOT ELSEWH', '9b7e42a6-76ee-47dd-bec4-039f1b5acebc', FALSE),
('5192', 'LIBROS PERIODICOS SEMANARIOS', 'f5ee95f5-f9cc-43e2-9f8a-0ef783352dc1', FALSE),
('5193', 'FLORISTS SUPPLIES, NURSERY STOCK, AND FL', 'c516da5c-60f8-43ff-943b-28cb70abb90f', FALSE),
('5199', 'NONDURABLE GOODS-NOT ELSEWHERE CLASSIFIE', '93309add-d382-47cd-8c32-d8f34b7992e7', FALSE),
('5200', 'ALMACEN DE REPUESTOS PARA EL HOGAR', 'c516da5c-60f8-43ff-943b-28cb70abb90f', FALSE),
('5211', 'TIENDA DE MATERIALES DE CONSTRUCCION Y M', 'c516da5c-60f8-43ff-943b-28cb70abb90f', FALSE),
('5231', 'TIENDA DE VIDRIOS, PINTURAS Y TAPIZADOS', 'c516da5c-60f8-43ff-943b-28cb70abb90f', FALSE),
('5251', 'FERRETERIAS', 'c516da5c-60f8-43ff-943b-28cb70abb90f', TRUE),
('5261', 'ARTICULOS PARA EL JARDIN, CESPED, SEMILL', 'c516da5c-60f8-43ff-943b-28cb70abb90f', FALSE),
('5262', 'ONLINE MARKETPLACES', '93309add-d382-47cd-8c32-d8f34b7992e7', FALSE),
('5300', 'WHOLESALE CLUBS', '54631841-35d8-4f89-85c4-cdfe91fce519', FALSE),
('5309', 'TIENDA LIBRE DE IMPUESTOS', '93309add-d382-47cd-8c32-d8f34b7992e7', FALSE),
('5310', 'TIENDA DE DESCUENTOS', '54631841-35d8-4f89-85c4-cdfe91fce519', FALSE),
('5311', 'GRANDES TIENDAS', '54631841-35d8-4f89-85c4-cdfe91fce519', TRUE),
('5331', 'TIENDA DE VARIEDADES', 'c516da5c-60f8-43ff-943b-28cb70abb90f', TRUE),
('5399', 'MERCANCIAS DE USO GENERAL', '93309add-d382-47cd-8c32-d8f34b7992e7', TRUE),
('5411', 'SUPERMERCADOS, VIVERRES', '54631841-35d8-4f89-85c4-cdfe91fce519', FALSE),
('5412', NULL, '54631841-35d8-4f89-85c4-cdfe91fce519', FALSE),
('5422', 'CONGELADORES Y CONSERVADORES DE ALIMENTO', '19e24145-6c71-49b0-9470-4a2eab81ee02', FALSE),
('5441', 'CARAMELOS NUECES -CONFITERIAS', '19e24145-6c71-49b0-9470-4a2eab81ee02', TRUE),
('5451', 'TIENDA DE PRODUCTOS LACTEOS', '19e24145-6c71-49b0-9470-4a2eab81ee02', FALSE),
('5462', 'PANADERIAS', '19e24145-6c71-49b0-9470-4a2eab81ee02', FALSE),
('5499', 'TIENDA DE ALIMENTOS VARIOS', '54631841-35d8-4f89-85c4-cdfe91fce519', TRUE),
('5511', 'CONCESIONARIA-AUTOS Y CAMIONES (NUEVOS Y', '9b7e42a6-76ee-47dd-bec4-039f1b5acebc', FALSE),
('5521', 'CONCESIONARIA AUOTOS Y CAMIONES (SOLO US', '9b7e42a6-76ee-47dd-bec4-039f1b5acebc', FALSE),
('5532', 'NEUMATICOS', '9b7e42a6-76ee-47dd-bec4-039f1b5acebc', FALSE),
('5533', 'ACCESORIOS PARA AUTOMOVILES', '9b7e42a6-76ee-47dd-bec4-039f1b5acebc', FALSE),
('5541', 'ESTACIONES DE SERVICIOS', '6dc3b64c-3725-4ff0-983a-8c73effe8620', FALSE),
('5542', NULL, '6dc3b64c-3725-4ff0-983a-8c73effe8620', FALSE),
('5571', 'CONCESIONARIA DE MOTOCICLETAS', '9b7e42a6-76ee-47dd-bec4-039f1b5acebc', FALSE),
('5611', 'TIENDA DE ROPAS Y ACCESORIOS PARA HOMBRE', '4aa430ab-7a4c-49f2-919f-b19005f59afe', FALSE),
('5621', 'TIENDA DE MODA FEMENINA (TALLES UNICOS)', '4aa430ab-7a4c-49f2-919f-b19005f59afe', TRUE),
('5631', 'WOMEN`S ACCESSORY AND SPECIALTY SHOPS', '4aa430ab-7a4c-49f2-919f-b19005f59afe', FALSE),
('5641', 'TIENDA PARA NIÑOS E INFANTES', '4aa430ab-7a4c-49f2-919f-b19005f59afe', FALSE),
('5651', 'TIENDA DE ROPAS PARA TODA LA FAMILIA', '4aa430ab-7a4c-49f2-919f-b19005f59afe', FALSE),
('5655', 'RIDING APPAREL STORES, SPORTS APPAREL ST', '4aa430ab-7a4c-49f2-919f-b19005f59afe', FALSE),
('5661', 'ZAPATERIAS', '4aa430ab-7a4c-49f2-919f-b19005f59afe', FALSE),
('5691', 'TIENDAS UNISEX', '4aa430ab-7a4c-49f2-919f-b19005f59afe', FALSE),
('5697', 'SASTRES, COSTURERAS, ZURCIDOS, ALTERACIO', '9b7e42a6-76ee-47dd-bec4-039f1b5acebc', FALSE),
('5698', 'TIENDA DE PELUCAS Y TUPE', 'c71548fe-6c2c-4de3-b3be-867418802209', FALSE),
('5699', 'TIENDA DE ADORNOS Y ACCESORIOS VARIOS', '4aa430ab-7a4c-49f2-919f-b19005f59afe', FALSE),
('5712', 'TIENDA DE MUEBLES Y EQUIPOS PARA AL HOGA', 'c516da5c-60f8-43ff-943b-28cb70abb90f', FALSE),
('5713', 'TIENDAS DE ALFOMBRADOS', 'c516da5c-60f8-43ff-943b-28cb70abb90f', FALSE),
('5714', 'TIENDAS DE ESCAPARATES, PAÑOS Y TAPICERI', 'c516da5c-60f8-43ff-943b-28cb70abb90f', FALSE),
('5719', 'TIENDAS DE ACCESORIOS VARIOS PARA EL HOG', 'c516da5c-60f8-43ff-943b-28cb70abb90f', FALSE),
('5722', 'TIENDA DE ARTICULOS PARA EL HOGAR', 'c516da5c-60f8-43ff-943b-28cb70abb90f', FALSE),
('5732', 'VENTAS DE RADIO, STEREO Y TV', 'd9b5d2b5-9fdb-46b0-96d0-7ed9eda3ddd5', FALSE),
('5733', 'TIENDA DE MUSICA, INSTRUMENTOS, PIANOS E', '462cf0a8-1748-49ac-8f37-25c126a3d66a', FALSE),
('5734', 'TIENDA DE SOFTWARE PARA COMPUTADORES', 'd9b5d2b5-9fdb-46b0-96d0-7ed9eda3ddd5', FALSE),
('5735', 'ESTUDIO DE GRABACION', '462cf0a8-1748-49ac-8f37-25c126a3d66a', FALSE),
('5811', 'PROVEEDORES', 'b1980305-5255-4242-86ea-000e748be04c', FALSE),
('5812', 'RESTAURANTES', 'b1980305-5255-4242-86ea-000e748be04c', TRUE),
('5813', 'BARES EN GRAL (TRAGOS LARGOS CON ALCOHOL', 'b1980305-5255-4242-86ea-000e748be04c', FALSE),
('5814', 'RESTAURANTES DE COMIDA RAPIDA', 'b1980305-5255-4242-86ea-000e748be04c', TRUE),
('5815', 'PROD DIGIT, LIBROS, PELICULAS, MUSICA', '462cf0a8-1748-49ac-8f37-25c126a3d66a', FALSE),
('5816', 'PRODUCTOS DIGITALES, JUEGOS', '462cf0a8-1748-49ac-8f37-25c126a3d66a', FALSE),
('5817', 'PRODUCTOS DIGITALES, APLICACIONES', 'd9b5d2b5-9fdb-46b0-96d0-7ed9eda3ddd5', FALSE),
('5818', 'PRODUCTOS DIGITALES, MULTI CATEGORIAS', 'd9b5d2b5-9fdb-46b0-96d0-7ed9eda3ddd5', FALSE),
('5912', 'FARMACIAS Y DROGUERIAS', '9cf54164-99da-4aca-a6df-3568f157b996', FALSE),
('5921', 'VENTA DE BEBIDAS - CERVEZA, VINO Y LICOR', '19e24145-6c71-49b0-9470-4a2eab81ee02', FALSE),
('5931', 'TIENDAS DE MERCADERIAS DE SEGUNDA MANO', '4aa430ab-7a4c-49f2-919f-b19005f59afe', FALSE),
('5940', 'VENTAS Y REPARACIONES DE BICICLETAS', '462cf0a8-1748-49ac-8f37-25c126a3d66a', FALSE),
('5941', 'ARTICULOS PARA DEPORTES', '462cf0a8-1748-49ac-8f37-25c126a3d66a', FALSE),
('5942', 'BOOK STORES', 'f5ee95f5-f9cc-43e2-9f8a-0ef783352dc1', FALSE),
('5943', 'LIBRERIA', 'f5ee95f5-f9cc-43e2-9f8a-0ef783352dc1', FALSE),
('5944', 'JOYERIA, RELOJERIA Y PLATERIA', '4aa430ab-7a4c-49f2-919f-b19005f59afe', FALSE),
('5945', 'TIENDA DE ENTRETENIMIENTOS Y JUGUETES', '462cf0a8-1748-49ac-8f37-25c126a3d66a', FALSE),
('5946', 'CASA DE REPUESTOS PARA CAMARAS FOTOGRAFI', 'd9b5d2b5-9fdb-46b0-96d0-7ed9eda3ddd5', FALSE),
('5947', 'TIENDA DE REGALOS,TARJETAS,NOVEDADES Y R', '93309add-d382-47cd-8c32-d8f34b7992e7', FALSE),
('5948', 'ARTICULOS DE CUERO Y EQUIPAJES', '4aa430ab-7a4c-49f2-919f-b19005f59afe', FALSE),
('5949', 'ARTICULOS DE COSTURA EN GRAL.', 'c516da5c-60f8-43ff-943b-28cb70abb90f', FALSE),
('5960', 'TELEMARKETING-VENTA DE SEGUROS-N/USAR', '4fcc496a-a896-4082-95ee-040ea7dc327b', FALSE),
('5964', 'TELEMARKETING POR CATALOGO', '9b7e42a6-76ee-47dd-bec4-039f1b5acebc', FALSE),
('5965', 'TELEMARKETING POR CATALOGO AL DET', '9b7e42a6-76ee-47dd-bec4-039f1b5acebc', FALSE),
('5967', 'CONTENIDO Y SERVICIOS PARA ADULTOS', '462cf0a8-1748-49ac-8f37-25c126a3d66a', FALSE),
('5968', 'DIRECT MARKETING-CONTINUITY/SUBSCRIPTION', '9b7e42a6-76ee-47dd-bec4-039f1b5acebc', FALSE),
('5969', 'TELEMARKETING NO CLASIFICADO-N/USAR', '9b7e42a6-76ee-47dd-bec4-039f1b5acebc', FALSE),
('5970', 'ARTICULOS DE ARTESANIA', '93309add-d382-47cd-8c32-d8f34b7992e7', FALSE),
('5971', 'ARTISTAS Y GALERIAS DE ARTES', '462cf0a8-1748-49ac-8f37-25c126a3d66a', FALSE),
('5973', 'TIENDA DE ARTICULOS RELIGIOSOS', '93309add-d382-47cd-8c32-d8f34b7992e7', FALSE),
('5976', 'ARTICULOS ORTOPEDICOS - MIEMBROS ARTIFIC', 'c71548fe-6c2c-4de3-b3be-867418802209', FALSE),
('5977', 'TIENDA DE COSMETICOS', '9cf54164-99da-4aca-a6df-3568f157b996', FALSE),
('5983', 'GASOLINERAS-ACEITE COMBUSTIBLE,PETROLEO', '6dc3b64c-3725-4ff0-983a-8c73effe8620', FALSE),
('5992', 'FLORICULTORES', 'c516da5c-60f8-43ff-943b-28cb70abb90f', FALSE),
('5993', 'CIGARRILLOS-TABACOS-N/USAR P/ TX WEB', '93309add-d382-47cd-8c32-d8f34b7992e7', FALSE),
('5994', 'PUESTOS DE VENTAS DE PERIODICOS', 'f5ee95f5-f9cc-43e2-9f8a-0ef783352dc1', FALSE),
('5995', 'TIENDA DE MASCOTAS-ALIMENTOS, ACCESORIOS', 'c8c2eca3-6c6d-4ec0-98ad-7e3d172e12d2', FALSE),
('5996', 'PISCINAS - VENTAS Y SERVICIOS', 'c516da5c-60f8-43ff-943b-28cb70abb90f', FALSE),
('5999', 'TIENDA DE VENTAS AL DETALLE-N/USAR', '93309add-d382-47cd-8c32-d8f34b7992e7', TRUE),
('6010', 'INSTITUCIONES FINANCIERAS-DESEMBOLSO MAN', '4fcc496a-a896-4082-95ee-040ea7dc327b', FALSE),
('6011', 'INSTITUCIONES FINANCIERAS-DESEMBOLSO AUT', '4fcc496a-a896-4082-95ee-040ea7dc327b', FALSE),
('6012', 'INSTITUCIONES FINANCIERAS-SERVICIOS COME', '4fcc496a-a896-4082-95ee-040ea7dc327b', FALSE),
('6051', 'CAMBIO DE DIVISAS-CRIPTOMONEDAS-N/USAR', '4fcc496a-a896-4082-95ee-040ea7dc327b', FALSE),
('6211', 'VALORES,TITULOS-CORREDORES/COMERCIANTES', '4fcc496a-a896-4082-95ee-040ea7dc327b', FALSE),
('6300', 'SEGUROS-VENTAS Y SUBSCRIPCIONES', '4fcc496a-a896-4082-95ee-040ea7dc327b', FALSE),
('6513', 'AGENTES Y ADMINITRAD. DE BIENES RAICES', '4fcc496a-a896-4082-95ee-040ea7dc327b', FALSE),
('7011', 'HOSPEDAJE-HOTELES,MOTELES,PARADOR', 'd8984c74-7a3d-421e-b054-51372db59c47', FALSE),
('7210', 'SERVICIOS DE LIMPIEZA,LAVANDERIA,PRENDAS', '9b7e42a6-76ee-47dd-bec4-039f1b5acebc', FALSE),
('7211', 'LAVANDERIAS-PRIVADAS Y PUBLICAS', '9b7e42a6-76ee-47dd-bec4-039f1b5acebc', FALSE),
('7221', 'ESTUDIOS FOTOGRAFICOS', '9b7e42a6-76ee-47dd-bec4-039f1b5acebc', FALSE),
('7230', 'SALONES DE BELLEZA Y PELUQUERIAS', '9b7e42a6-76ee-47dd-bec4-039f1b5acebc', FALSE),
('7261', 'SERVICIOS DE FUNERALES Y CREMATORIOS', '9b7e42a6-76ee-47dd-bec4-039f1b5acebc', FALSE),
('7273', 'SERVICIOS ESCOLTAS Y CITAS', '9b7e42a6-76ee-47dd-bec4-039f1b5acebc', FALSE),
('7278', 'TIENDA DE COMPRAS , CLUBES', '93309add-d382-47cd-8c32-d8f34b7992e7', FALSE),
('7297', 'CASA DE MASAJES', 'c71548fe-6c2c-4de3-b3be-867418802209', FALSE),
('7298', 'SPA DE SALUD Y BELLEZA', 'c71548fe-6c2c-4de3-b3be-867418802209', FALSE),
('7299', 'SERVICIOS PERSONALES VARIOS - AUN NO CAL', '9b7e42a6-76ee-47dd-bec4-039f1b5acebc', TRUE),
('7311', 'PUBLICITARIAS', '9b7e42a6-76ee-47dd-bec4-039f1b5acebc', FALSE),
('7333', 'ESTUDIOS GRAFICOS Y FOTOGRAFICOS', '9b7e42a6-76ee-47dd-bec4-039f1b5acebc', FALSE),
('7342', 'SERVICIOS DE EXTERMINACION Y DESINFECCIO', '9b7e42a6-76ee-47dd-bec4-039f1b5acebc', FALSE),
('7361', 'AGENCIA DE EMPLEOS, SERVICIOS DE AYUDA T', '9b7e42a6-76ee-47dd-bec4-039f1b5acebc', FALSE),
('7372', 'SERVICIOS DE TRANSMICION AUTOMATICA DE D', 'd9b5d2b5-9fdb-46b0-96d0-7ed9eda3ddd5', FALSE),
('7379', 'COMPUTER MAINTENANCE, REPAIR, AND SERVIC', 'd9b5d2b5-9fdb-46b0-96d0-7ed9eda3ddd5', FALSE),
('7392', 'CONSULTING SERVICES, MANAGEMENT SERVICES', '9b7e42a6-76ee-47dd-bec4-039f1b5acebc', FALSE),
('7393', 'AGENCIAS DE DETECTIVES Y SERVICIOS DE PR', '9b7e42a6-76ee-47dd-bec4-039f1b5acebc', FALSE),
('7394', 'ALQUILERES Y ARRENDAMIENTOS DE EQUIPOS', '9b7e42a6-76ee-47dd-bec4-039f1b5acebc', FALSE),
('7395', 'LABORATORIO FOTOGRAFICO, REVELADOS', '9b7e42a6-76ee-47dd-bec4-039f1b5acebc', FALSE),
('7399', 'SERVICIOS COMERCIALES - AUN NO CLASIFICA', '93309add-d382-47cd-8c32-d8f34b7992e7', TRUE),
('742', 'SERVICIOS VETERINARIOS', 'c71548fe-6c2c-4de3-b3be-867418802209', FALSE),
('7512', 'AGENCIAS DE ALQUILER DE AUTOS -AUN NO CL', 'd8984c74-7a3d-421e-b054-51372db59c47', FALSE),
('7523', 'ESTACIONAMIENTOS', '3c0cb735-cc8f-4fc5-9520-a6cf652d91da', FALSE),
('7538', 'REPARACION DE AUTOMOVILES (NO COMERCIAL)', '9b7e42a6-76ee-47dd-bec4-039f1b5acebc', FALSE),
('7542', 'LAVADO DE AUTOS', '9b7e42a6-76ee-47dd-bec4-039f1b5acebc', FALSE),
('7622', 'REPARACION DE RADIOS, TV Y EQUIPOS DE SO', '9b7e42a6-76ee-47dd-bec4-039f1b5acebc', FALSE),
('7623', 'REPARACION DE AIRE ACONDICIONADO', '9b7e42a6-76ee-47dd-bec4-039f1b5acebc', FALSE),
('763', 'COOPERATIVA AGRICOLA', '4fcc496a-a896-4082-95ee-040ea7dc327b', FALSE),
('7829', 'MOTION PICTURE AND VIDEO TAPE PRODUCTION', '462cf0a8-1748-49ac-8f37-25c126a3d66a', FALSE),
('7832', 'TEATROS CINEMATOGRAFICOS (SERVICIO NO CO', '462cf0a8-1748-49ac-8f37-25c126a3d66a', FALSE),
('7841', 'ALQUILER DE CINTAS GRABADAS', '462cf0a8-1748-49ac-8f37-25c126a3d66a', FALSE),
('7923', 'ORQUESTAS, BANDAS, CANTANTES', '462cf0a8-1748-49ac-8f37-25c126a3d66a', FALSE),
('7929', 'BANDS-NOT ELSEWHERE CLASSIFIED, ENTERTAI', '462cf0a8-1748-49ac-8f37-25c126a3d66a', FALSE),
('7941', 'CAMPOS ATLETICOS Y CLUBES DEPORTIVOS', '462cf0a8-1748-49ac-8f37-25c126a3d66a', FALSE),
('7991', 'EXHIBICION Y ATRACCIONES TURISTICAS', '462cf0a8-1748-49ac-8f37-25c126a3d66a', FALSE),
('7994', 'REPUESTOS DE VIDEO JUEGOS-ENTRETENIMIENT', '462cf0a8-1748-49ac-8f37-25c126a3d66a', FALSE),
('7995', 'CASINOS-APUESTAS-JUEGOS DE AZAR-N/USAR', 'd21b4724-9e4a-47c3-927c-9e17d483d283', FALSE),
('7996', 'PARQUES DE DIVERSIONES, CIRCOS, CARNAVAL', '462cf0a8-1748-49ac-8f37-25c126a3d66a', FALSE),
('7997', 'CLUBES-DE DEPORTES, RECREACION, GOLF, PR', '462cf0a8-1748-49ac-8f37-25c126a3d66a', FALSE),
('7999', 'SERVICIOS DE RECREACION Y ENTRETENIMIENT', '78be00e0-1a54-4b92-b525-322f8345c7f9', FALSE),
('8011', 'DOCTORES, MEDICOS', 'c71548fe-6c2c-4de3-b3be-867418802209', FALSE),
('8021', 'DENTISTAS', 'c71548fe-6c2c-4de3-b3be-867418802209', FALSE),
('8043', 'OPTICOS', 'c71548fe-6c2c-4de3-b3be-867418802209', FALSE),
('8062', 'HOSPITALES', 'c71548fe-6c2c-4de3-b3be-867418802209', FALSE),
('8071', 'LABORATORIOS MEDICOS Y DENTALES', 'c71548fe-6c2c-4de3-b3be-867418802209', FALSE),
('8099', 'SERVICIOS MEDICOS (AUN NO CLASIFICADOS)', 'c71548fe-6c2c-4de3-b3be-867418802209', FALSE),
('8111', 'ESCUELAS, PRIMARIAS Y SECUNDARIAS', 'f5ee95f5-f9cc-43e2-9f8a-0ef783352dc1', FALSE),
('8211', NULL, 'f5ee95f5-f9cc-43e2-9f8a-0ef783352dc1', FALSE),
('8220', 'COLEGIOS, UNIVERSIDADES, ESCUELAS PROFES', 'f5ee95f5-f9cc-43e2-9f8a-0ef783352dc1', FALSE),
('8241', 'ESCUELA POR CORRESPONDENCIA', 'f5ee95f5-f9cc-43e2-9f8a-0ef783352dc1', FALSE),
('8299', 'SERVICIOS EDUCACIONALES (AUN NO CLASIFIC', 'f5ee95f5-f9cc-43e2-9f8a-0ef783352dc1', FALSE),
('8398', 'ORGANIZACIONES DE CARIDAD-DONACION-N/USA', '93309add-d382-47cd-8c32-d8f34b7992e7', FALSE),
('8641', 'ASOCIACIONES-CIVILES, SOCIALES, FRATERNA', '462cf0a8-1748-49ac-8f37-25c126a3d66a', FALSE),
('8661', 'ORGANIZACIONES RELIGIOSAS', '9b7e42a6-76ee-47dd-bec4-039f1b5acebc', FALSE),
('8699', 'ORGANIZACIONES (AUN NO CLASIFICADAS)', '9b7e42a6-76ee-47dd-bec4-039f1b5acebc', FALSE),
('8931', 'SERVICIOS DE CONTABILIDAD Y AUDITORIA', '9b7e42a6-76ee-47dd-bec4-039f1b5acebc', FALSE),
('8999', 'SERVICIOS PROFESIONALES (AUN NO CLASIFIC', '9b7e42a6-76ee-47dd-bec4-039f1b5acebc', FALSE),
('9222', 'MULTAS', '9b7e42a6-76ee-47dd-bec4-039f1b5acebc', FALSE),
('9311', 'PAGOS DE IMPUESTOS', '9b7e42a6-76ee-47dd-bec4-039f1b5acebc', TRUE),
('9399', 'SERVICIOS GUBERNAMENTALES (AUN NO CLASIF', '9b7e42a6-76ee-47dd-bec4-039f1b5acebc', FALSE)
ON CONFLICT (cod_mcc) DO NOTHING;

-- patrones (287)
INSERT INTO patrones (id, tipo, valor, categoria_id, prioridad, descripcion, fuente, activo) VALUES
('e9fb7143-2355-4efa-b59d-09e4cf802c43', 'regex'::patron_tipo, '^MANGO\b', '54282e29-09ec-4da6-a925-a1216f83b8d7', 5, 'Mango P2P', 'manual'::patron_fuente, TRUE),
('733ca7b4-61c9-4e63-87dd-692d0732f810', 'regex'::patron_tipo, '\b(AZAR|SLOTS?|TRAGAMONEDAS?|CASINO|GAMING|APUESTAS?|BETSAT|GIRO\s?WIN|SOLBET)\b', 'd21b4724-9e4a-47c3-927c-9e17d483d283', 10, 'Juegos de azar', 'manual'::patron_fuente, TRUE),
('4ef6591f-99a3-47e3-914a-2bcbfef1c7b5', 'regex'::patron_tipo, '\bANDE\b', '9b7e42a6-76ee-47dd-bec4-039f1b5acebc', 10, 'ANDE energía', 'manual'::patron_fuente, TRUE),
('f0119525-49f0-4b79-9370-405099358911', 'regex'::patron_tipo, '\bBIGGIE\b', '54631841-35d8-4f89-85c4-cdfe91fce519', 10, 'Biggie', 'manual'::patron_fuente, TRUE),
('28fb5a2e-718a-47df-ac65-b0c9bc60071d', 'regex'::patron_tipo, '\bBOLT\b', '3c0cb735-cc8f-4fc5-9520-a6cf652d91da', 10, 'Bolt', 'manual'::patron_fuente, TRUE),
('c532845a-c377-4ab9-8f15-386b4333c336', 'regex'::patron_tipo, '\bBURGER\s*KING\b', 'b1980305-5255-4242-86ea-000e748be04c', 10, 'Burger King', 'manual'::patron_fuente, TRUE),
('855f52e7-7b51-4c8f-9fcf-f48f9e7f4b73', 'regex'::patron_tipo, '\bCOPACO\b', '9b7e42a6-76ee-47dd-bec4-039f1b5acebc', 10, 'Copaco', 'manual'::patron_fuente, TRUE),
('66d61394-1f69-41bd-9c18-a1be5766da89', 'regex'::patron_tipo, '\bCOPETROL\b', '6dc3b64c-3725-4ff0-983a-8c73effe8620', 10, 'Copetrol', 'manual'::patron_fuente, TRUE),
('9ed3a093-187c-41af-9075-7b257d1cb332', 'regex'::patron_tipo, '\bDISNEY\+?\b', '462cf0a8-1748-49ac-8f37-25c126a3d66a', 10, 'Disney+', 'manual'::patron_fuente, TRUE),
('20397a8c-f657-4736-9dd0-c82e55e8c021', 'regex'::patron_tipo, '\bESSAP\b', '9b7e42a6-76ee-47dd-bec4-039f1b5acebc', 10, 'ESSAP agua', 'manual'::patron_fuente, TRUE),
('5001bd56-557a-4d64-aef8-81875546322d', 'regex'::patron_tipo, '\bFARMA\s*CENTER\b', '9cf54164-99da-4aca-a6df-3568f157b996', 10, 'Farmacenter', 'manual'::patron_fuente, TRUE),
('5c0baa3e-6680-4597-bda1-eed4e6621131', 'regex'::patron_tipo, '\bKFC\b', 'b1980305-5255-4242-86ea-000e748be04c', 10, 'KFC', 'manual'::patron_fuente, TRUE),
('96bad476-a690-4cdc-8cd0-7ed0adc12d62', 'regex'::patron_tipo, '\bMC\s*DONALDS?\b', 'b1980305-5255-4242-86ea-000e748be04c', 10, 'McDonalds', 'manual'::patron_fuente, TRUE),
('ce089d8b-9a36-437d-9abc-2a185b2f257f', 'regex'::patron_tipo, '\bMUV\b', '3c0cb735-cc8f-4fc5-9520-a6cf652d91da', 10, 'MUV', 'manual'::patron_fuente, TRUE),
('415ed3d1-d006-4340-8008-8b939615cd68', 'regex'::patron_tipo, '\bNETFLIX\b', '462cf0a8-1748-49ac-8f37-25c126a3d66a', 10, 'Netflix', 'manual'::patron_fuente, TRUE),
('317d520f-29a5-40e0-b9e1-952ee8302381', 'regex'::patron_tipo, '\bPETROBRAS\b', '6dc3b64c-3725-4ff0-983a-8c73effe8620', 10, 'Petrobras', 'manual'::patron_fuente, TRUE),
('70985a0d-d12b-4cab-a33d-0eef3a68aba2', 'regex'::patron_tipo, '\bPIZZA\s*HUT\b', 'b1980305-5255-4242-86ea-000e748be04c', 10, 'Pizza Hut', 'manual'::patron_fuente, TRUE),
('e8f96b3f-ac18-4721-a2f1-b7d640319646', 'regex'::patron_tipo, '\bPUMA\s*ENERGY\b', '6dc3b64c-3725-4ff0-983a-8c73effe8620', 10, 'Puma Energy', 'manual'::patron_fuente, TRUE),
('9f77d48f-6bc3-4e30-9e8c-2ce661b4df48', 'regex'::patron_tipo, '\bPUNTO\s*FARMA\b', '9cf54164-99da-4aca-a6df-3568f157b996', 10, 'Punto Farma', 'manual'::patron_fuente, TRUE),
('58588f6d-35c9-44d8-bb15-f4ae524f0664', 'regex'::patron_tipo, '\bSHELL\b', '6dc3b64c-3725-4ff0-983a-8c73effe8620', 10, 'Shell', 'manual'::patron_fuente, TRUE),
('1b0116e3-aadd-4ff7-9e25-0882b3f88c94', 'regex'::patron_tipo, '\bSPOTIFY\b', '462cf0a8-1748-49ac-8f37-25c126a3d66a', 10, 'Spotify', 'manual'::patron_fuente, TRUE),
('44aef494-8b1a-4ebd-86bd-19910e514bbe', 'regex'::patron_tipo, '\bSUPERSEIS\b', '54631841-35d8-4f89-85c4-cdfe91fce519', 10, 'Superseis', 'manual'::patron_fuente, TRUE),
('846f68ad-a2dd-4609-ac50-e0864a1546b5', 'regex'::patron_tipo, '\bSUPER\s*SEIS\b', '54631841-35d8-4f89-85c4-cdfe91fce519', 10, 'Super Seis', 'manual'::patron_fuente, TRUE),
('7c0c10ef-c3b3-4e71-91bd-7c679effcead', 'regex'::patron_tipo, '\bTIGO\b', '9b7e42a6-76ee-47dd-bec4-039f1b5acebc', 10, 'Tigo', 'manual'::patron_fuente, TRUE),
('9bff4c34-82b0-451c-85b9-e4ec7fc69600', 'regex'::patron_tipo, '\bUBER\b', '3c0cb735-cc8f-4fc5-9520-a6cf652d91da', 10, 'Uber', 'manual'::patron_fuente, TRUE),
('d169a817-c583-4bc8-9519-2f89ce762bc7', 'contiene'::patron_tipo, 'ACAI', '19e24145-6c71-49b0-9470-4a2eab81ee02', 20, NULL, 'manual'::patron_fuente, TRUE),
('984b1701-fafe-4593-8287-d9ce03e7c537', 'contiene'::patron_tipo, 'AUTOSERV', '54631841-35d8-4f89-85c4-cdfe91fce519', 20, NULL, 'manual'::patron_fuente, TRUE),
('857dae5b-1848-4bdc-a774-15e94c67ba8c', 'contiene'::patron_tipo, 'AUTOSERVICE', '54631841-35d8-4f89-85c4-cdfe91fce519', 20, NULL, 'manual'::patron_fuente, TRUE),
('b4c20201-c8cb-41a4-940a-d4349c4ec090', 'contiene'::patron_tipo, 'BEER', '19e24145-6c71-49b0-9470-4a2eab81ee02', 20, NULL, 'manual'::patron_fuente, TRUE),
('f501007b-08c9-493e-8f65-85d3f971f489', 'contiene'::patron_tipo, 'BODEGA', '19e24145-6c71-49b0-9470-4a2eab81ee02', 20, NULL, 'manual'::patron_fuente, TRUE),
('02c111d8-8a8d-443c-8f6b-4aa82067a982', 'contiene'::patron_tipo, 'BOUTIQUE', '4aa430ab-7a4c-49f2-919f-b19005f59afe', 20, NULL, 'manual'::patron_fuente, TRUE),
('33885bc6-6ccb-41dc-9339-01477ef00ba0', 'contiene'::patron_tipo, 'BRISTOL', 'c516da5c-60f8-43ff-943b-28cb70abb90f', 20, NULL, 'manual'::patron_fuente, TRUE),
('df44afd7-2f4c-4090-81e5-9a93279d4011', 'contiene'::patron_tipo, 'CAFE', '19e24145-6c71-49b0-9470-4a2eab81ee02', 20, NULL, 'manual'::patron_fuente, TRUE),
('291214a1-2123-4dc8-a6f5-0516226343c0', 'contiene'::patron_tipo, 'CARNICERIA', '19e24145-6c71-49b0-9470-4a2eab81ee02', 20, NULL, 'manual'::patron_fuente, TRUE),
('a2ea1ec4-7960-493a-9023-468b3b06c944', 'contiene'::patron_tipo, 'CHACOMER', '3c0cb735-cc8f-4fc5-9520-a6cf652d91da', 20, NULL, 'manual'::patron_fuente, TRUE),
('6d9c2a7c-2e06-4c58-8c40-7b4a1fb71ae1', 'contiene'::patron_tipo, 'CINEMARK', '462cf0a8-1748-49ac-8f37-25c126a3d66a', 20, NULL, 'manual'::patron_fuente, TRUE),
('1c61d896-fd1e-4e77-91f1-a73035d0f6e5', 'contiene'::patron_tipo, 'CLINICA', 'c71548fe-6c2c-4de3-b3be-867418802209', 20, NULL, 'manual'::patron_fuente, TRUE),
('f72f3439-b6a1-48d1-b67e-296f5de9689a', 'contiene'::patron_tipo, 'COMEDOR', 'b1980305-5255-4242-86ea-000e748be04c', 20, NULL, 'manual'::patron_fuente, TRUE),
('885cfbe9-1715-40c2-947b-b44bf31549c5', 'contiene'::patron_tipo, 'CONSULTORIO', 'c71548fe-6c2c-4de3-b3be-867418802209', 20, 'consultorio médico', 'manual'::patron_fuente, TRUE),
('491755c7-fab7-4427-8a75-ecbd064d6fbf', 'contiene'::patron_tipo, 'COOP', '4fcc496a-a896-4082-95ee-040ea7dc327b', 20, NULL, 'manual'::patron_fuente, TRUE),
('d3895c95-7f63-4dcd-9962-442af73a6545', 'contiene'::patron_tipo, 'COPETIN', '19e24145-6c71-49b0-9470-4a2eab81ee02', 20, NULL, 'manual'::patron_fuente, TRUE),
('1e4274e1-0589-4721-8a59-a5154e575243', 'contiene'::patron_tipo, 'COPETROL', '6dc3b64c-3725-4ff0-983a-8c73effe8620', 20, NULL, 'manual'::patron_fuente, TRUE),
('8d29f6eb-e20e-424e-8942-1d897984964a', 'contiene'::patron_tipo, 'ENERGY', '6dc3b64c-3725-4ff0-983a-8c73effe8620', 20, NULL, 'manual'::patron_fuente, TRUE),
('39536d46-c127-4768-a2cc-da6f87dcc7e8', 'contiene'::patron_tipo, 'FERRETERIA', 'c516da5c-60f8-43ff-943b-28cb70abb90f', 20, NULL, 'manual'::patron_fuente, TRUE),
('394f5758-8a7f-42fd-bbbc-e10a36c07c12', 'contiene'::patron_tipo, 'FRUTERIA', '19e24145-6c71-49b0-9470-4a2eab81ee02', 20, NULL, 'manual'::patron_fuente, TRUE),
('aeba6a45-cc78-4418-aa03-4ae576a98ee5', 'contiene'::patron_tipo, 'GNB', '4fcc496a-a896-4082-95ee-040ea7dc327b', 20, NULL, 'manual'::patron_fuente, TRUE),
('b1203eba-23fd-4c83-9beb-ea972d19f856', 'contiene'::patron_tipo, 'GRIDO', '19e24145-6c71-49b0-9470-4a2eab81ee02', 20, NULL, 'manual'::patron_fuente, TRUE),
('de00dcc3-d239-4fbb-a11e-6463cdc41e80', 'contiene'::patron_tipo, 'HOTEL', 'd8984c74-7a3d-421e-b054-51372db59c47', 20, NULL, 'manual'::patron_fuente, TRUE),
('b66300c2-6550-452f-b70c-74acace0e49e', 'contiene'::patron_tipo, 'JOYA', '4aa430ab-7a4c-49f2-919f-b19005f59afe', 20, NULL, 'manual'::patron_fuente, TRUE),
('e26d4516-d475-4429-b5e3-fe4a2f822d7a', 'contiene'::patron_tipo, 'JOYERIA', '4aa430ab-7a4c-49f2-919f-b19005f59afe', 20, NULL, 'manual'::patron_fuente, TRUE),
('4714e8dc-8c6a-49d9-aaef-e86c6adf4e87', 'contiene'::patron_tipo, 'LABORATORIO', 'c71548fe-6c2c-4de3-b3be-867418802209', 20, NULL, 'manual'::patron_fuente, TRUE),
('57c1490a-c671-425a-b063-5ae8d95d0fee', 'contiene'::patron_tipo, 'MILANESA', 'b1980305-5255-4242-86ea-000e748be04c', 20, NULL, 'manual'::patron_fuente, TRUE),
('e6bbe43a-09f7-4c40-be4c-6beddc6b815f', 'contiene'::patron_tipo, 'MODA', '4aa430ab-7a4c-49f2-919f-b19005f59afe', 20, NULL, 'manual'::patron_fuente, TRUE),
('a2e7df14-dd9c-45b4-9702-7b93609c848b', 'contiene'::patron_tipo, 'MODAS', '4aa430ab-7a4c-49f2-919f-b19005f59afe', 20, NULL, 'manual'::patron_fuente, TRUE),
('185de9c8-11f8-4c3b-a10b-5a0f834b5d05', 'contiene'::patron_tipo, 'OPTICA', 'c71548fe-6c2c-4de3-b3be-867418802209', 20, NULL, 'manual'::patron_fuente, TRUE),
('16b2c62a-a76d-4b9a-8eaf-d90993e89801', 'contiene'::patron_tipo, 'PARAGUAYOITE', 'b1980305-5255-4242-86ea-000e748be04c', 20, NULL, 'manual'::patron_fuente, TRUE),
('8d56c0ae-ceab-4366-a491-6f6bcecb4afe', 'contiene'::patron_tipo, 'PETROCHACO', '6dc3b64c-3725-4ff0-983a-8c73effe8620', 20, NULL, 'manual'::patron_fuente, TRUE),
('64ba332d-ecc3-4a17-acae-6e3a2310e96b', 'contiene'::patron_tipo, 'PETROPAR', '6dc3b64c-3725-4ff0-983a-8c73effe8620', 20, NULL, 'manual'::patron_fuente, TRUE),
('f1f3ba98-826b-4747-b325-29d4137fa6d7', 'contiene'::patron_tipo, 'PETROSUR', '6dc3b64c-3725-4ff0-983a-8c73effe8620', 20, NULL, 'manual'::patron_fuente, TRUE),
('f5791ae9-673d-42e6-8001-694e17d68d05', 'contiene'::patron_tipo, 'POLLERIA', '19e24145-6c71-49b0-9470-4a2eab81ee02', 20, NULL, 'manual'::patron_fuente, TRUE),
('0a9e2084-74a7-47e4-8e6f-cb9e5ed0cb07', 'contiene'::patron_tipo, 'SABOR', 'b1980305-5255-4242-86ea-000e748be04c', 20, NULL, 'manual'::patron_fuente, TRUE),
('542388ef-3cf9-4d12-80c6-a8118f7c539c', 'contiene'::patron_tipo, 'SHOPPING', '462cf0a8-1748-49ac-8f37-25c126a3d66a', 20, NULL, 'manual'::patron_fuente, TRUE),
('e46fce03-0a65-440b-9acb-2f027ad26846', 'regex'::patron_tipo, '\b(BARBER\w*|BARBERO|BARBERIA)\b', 'c71548fe-6c2c-4de3-b3be-867418802209', 20, NULL, 'manual'::patron_fuente, TRUE),
('8e5053de-5f75-4fdc-bf5a-74247b19b662', 'regex'::patron_tipo, '\b(VETERINARIA|PETSHOP|MASCOTA)\b', 'c8c2eca3-6c6d-4ec0-98ad-7e3d172e12d2', 20, NULL, 'manual'::patron_fuente, TRUE),
('e8cf0bca-3a4c-491a-975f-61b7ed4aef90', 'regex'::patron_tipo, '\bAREA\s*UNO\b', '54631841-35d8-4f89-85c4-cdfe91fce519', 20, 'Area Uno', 'manual'::patron_fuente, TRUE),
('5d9d5783-e9f6-4a04-8941-3760ba2ce3dc', 'regex'::patron_tipo, '\bAUTO\b', '3c0cb735-cc8f-4fc5-9520-a6cf652d91da', 20, NULL, 'manual'::patron_fuente, TRUE),
('e95125fa-aff8-4a92-9969-236fa54f6d58', 'regex'::patron_tipo, '\bBARCOS\s*Y\s*RODADOS\b', '6dc3b64c-3725-4ff0-983a-8c73effe8620', 20, 'Barcos y Rodados', 'manual'::patron_fuente, TRUE),
('00b68f91-1aba-4c50-a34a-24c53493a78c', 'regex'::patron_tipo, '\bCAR\b', '3c0cb735-cc8f-4fc5-9520-a6cf652d91da', 20, NULL, 'manual'::patron_fuente, TRUE),
('0dd1c5f4-1b05-470c-8437-120387bd088d', 'regex'::patron_tipo, '\bCASA\s*RICA\b', '54631841-35d8-4f89-85c4-cdfe91fce519', 20, 'Casa Rica', 'manual'::patron_fuente, TRUE),
('5a9c21d6-4bda-472a-a884-69c2c21c97de', 'regex'::patron_tipo, '\bCLARO\b', '9b7e42a6-76ee-47dd-bec4-039f1b5acebc', 20, 'Claro', 'manual'::patron_fuente, TRUE),
('e03dd9a7-83dc-4719-82d7-cf57490adf0e', 'regex'::patron_tipo, '\bCOCHE\b', '3c0cb735-cc8f-4fc5-9520-a6cf652d91da', 20, NULL, 'manual'::patron_fuente, TRUE),
('477b44e5-bbda-48c4-9105-91e8158d5eda', 'regex'::patron_tipo, '\bCOMIDA\b', 'b1980305-5255-4242-86ea-000e748be04c', 20, NULL, 'manual'::patron_fuente, TRUE),
('677792f3-a25e-40ea-a98f-85a43266e2fc', 'regex'::patron_tipo, '\bFCIA\b', '9cf54164-99da-4aca-a6df-3568f157b996', 20, 'farmacia abrev', 'manual'::patron_fuente, TRUE),
('6aa3a77f-86bd-419a-8c45-f1dfcc32e103', 'regex'::patron_tipo, '\bGYM\b', 'c71548fe-6c2c-4de3-b3be-867418802209', 20, NULL, 'manual'::patron_fuente, TRUE),
('2dfcdeda-c619-47f8-a64f-e6edbc861eab', 'regex'::patron_tipo, '\bLAB\b', 'c71548fe-6c2c-4de3-b3be-867418802209', 20, NULL, 'manual'::patron_fuente, TRUE),
('85ca6072-d3b8-4419-b1b5-e4ea9d1eb5d9', 'regex'::patron_tipo, '\bLIBRERIA\b', 'f5ee95f5-f9cc-43e2-9f8a-0ef783352dc1', 20, NULL, 'manual'::patron_fuente, TRUE),
('f77b6501-7aff-4b07-b82d-88409b3d56b2', 'regex'::patron_tipo, '\bMONTE\s*ALTO\b', '6dc3b64c-3725-4ff0-983a-8c73effe8620', 20, 'Monte Alto', 'manual'::patron_fuente, TRUE),
('128008d3-3eae-4ad9-b926-ae72f3c0716f', 'regex'::patron_tipo, '\bPERSONAL\b', '9b7e42a6-76ee-47dd-bec4-039f1b5acebc', 20, 'Personal', 'manual'::patron_fuente, TRUE),
('76b42cf4-75d8-40fa-bbae-d7b28fe99078', 'regex'::patron_tipo, '\bSALEMMA\b', '54631841-35d8-4f89-85c4-cdfe91fce519', 20, 'Salemma', 'manual'::patron_fuente, TRUE),
('7c4d0878-a7d9-49b2-b337-4f72b0781e2c', 'regex'::patron_tipo, '\bSPA\b', 'c71548fe-6c2c-4de3-b3be-867418802209', 20, NULL, 'manual'::patron_fuente, TRUE),
('6b11f6cf-efac-42b1-b64e-381911945c9b', 'regex'::patron_tipo, '\bSTOCK\b', '54631841-35d8-4f89-85c4-cdfe91fce519', 20, 'Stock', 'manual'::patron_fuente, TRUE),
('bdecea49-7c68-4093-ac4a-19355b162bb3', 'contiene'::patron_tipo, 'ARTESANIA', '462cf0a8-1748-49ac-8f37-25c126a3d66a', 25, 'artesanía', 'manual'::patron_fuente, TRUE),
('daf51a67-4165-4e56-a245-a2cc2ba34a6c', 'contiene'::patron_tipo, 'CANNASHOP', '4fc9069b-7cef-4054-a1ab-a90ea47dbb37', 25, 'cannashop', 'manual'::patron_fuente, TRUE),
('49e877fd-686d-4997-a17a-65099a2a2f90', 'contiene'::patron_tipo, 'CELULARES', 'd9b5d2b5-9fdb-46b0-96d0-7ed9eda3ddd5', 25, 'celulares', 'manual'::patron_fuente, TRUE),
('c3d7dc22-1ae0-4694-a973-59005f5310e1', 'contiene'::patron_tipo, 'CERRAJERIA', '9b7e42a6-76ee-47dd-bec4-039f1b5acebc', 25, 'cerrajería', 'manual'::patron_fuente, TRUE),
('8f83a92a-b84a-4218-9ff0-c41eb5986729', 'contiene'::patron_tipo, 'COBRANZAS', '4fcc496a-a896-4082-95ee-040ea7dc327b', 25, 'cobranzas', 'manual'::patron_fuente, TRUE),
('edb3819a-6335-4793-8d23-165e4d36cd26', 'contiene'::patron_tipo, 'CONFECCIONES', '4aa430ab-7a4c-49f2-919f-b19005f59afe', 25, 'confecciones', 'manual'::patron_fuente, TRUE),
('56e2a88b-3437-490e-840d-85d23fbcce8c', 'contiene'::patron_tipo, 'COTILLON', '462cf0a8-1748-49ac-8f37-25c126a3d66a', 25, 'cotillón', 'manual'::patron_fuente, TRUE),
('a6f3dda1-3af8-44fb-8ffd-7f53960dd485', 'contiene'::patron_tipo, 'EMBALAJES', '9b7e42a6-76ee-47dd-bec4-039f1b5acebc', 25, 'embalajes', 'manual'::patron_fuente, TRUE),
('0d606011-d788-4f93-9648-fac2afb24192', 'contiene'::patron_tipo, 'FLORERIA', 'f9ff2e4c-1266-4155-85eb-7e3f05653196', 25, 'florería', 'manual'::patron_fuente, TRUE),
('909fcde3-7d33-41e6-877a-b92427c8d561', 'contiene'::patron_tipo, 'HAVANNA', 'b1980305-5255-4242-86ea-000e748be04c', 25, 'Havanna café', 'manual'::patron_fuente, TRUE),
('8c1ba6d4-0d29-4367-a336-31b981e92591', 'contiene'::patron_tipo, 'JUGUETERIA', '462cf0a8-1748-49ac-8f37-25c126a3d66a', 25, 'jugueterías', 'manual'::patron_fuente, TRUE),
('dfea853b-fef3-48c0-a640-9ad7e26128ec', 'contiene'::patron_tipo, 'LAVANDERIA', '9b7e42a6-76ee-47dd-bec4-039f1b5acebc', 25, 'lavandería', 'manual'::patron_fuente, TRUE),
('76f0cfbf-4a75-477d-879a-46f5d6cb4f79', 'contiene'::patron_tipo, 'NEUMATICOS', '3c0cb735-cc8f-4fc5-9520-a6cf652d91da', 25, 'neumáticos', 'manual'::patron_fuente, TRUE),
('f3bcaf56-f05d-41de-95c7-ce4aa5688e79', 'contiene'::patron_tipo, 'PARROQUIA', '621da7c5-3b90-4960-9086-05fbce17b36c', 25, 'parroquia', 'manual'::patron_fuente, TRUE),
('3a9e1d77-286f-443d-b715-1b5ac85e227f', 'contiene'::patron_tipo, 'PIZZAS', 'b1980305-5255-4242-86ea-000e748be04c', 25, 'pizzas plural', 'manual'::patron_fuente, TRUE),
('53e7a906-70ee-41eb-ba89-e414005dd771', 'contiene'::patron_tipo, 'REFRIGERACION', '9b7e42a6-76ee-47dd-bec4-039f1b5acebc', 25, 'refrigeración', 'manual'::patron_fuente, TRUE),
('c1f9634b-808e-44b1-9eb6-f4dc7e68cecc', 'contiene'::patron_tipo, 'ROPERIA', '4aa430ab-7a4c-49f2-919f-b19005f59afe', 25, 'ropería', 'manual'::patron_fuente, TRUE),
('7b439557-718c-4435-9751-bb1152f19f9e', 'contiene'::patron_tipo, 'SUPLEMENTOS', 'c71548fe-6c2c-4de3-b3be-867418802209', 25, 'suplementos', 'manual'::patron_fuente, TRUE),
('5caa9e65-31f8-41cd-b75f-9537decc44be', 'contiene'::patron_tipo, 'VAPE', '4fc9069b-7cef-4054-a1ab-a90ea47dbb37', 25, 'vape', 'manual'::patron_fuente, TRUE),
('a799d30a-db4c-4626-839e-1f4dd0aee9ac', 'regex'::patron_tipo, '\b(COMERC|COMERCIAL|CIAL|HIPER|MINIMARKET|MERCADO\s|ABASTO|DESPENSA|VIVERES)\b', '54631841-35d8-4f89-85c4-cdfe91fce519', 25, 'Comercial/super genéricos', 'manual'::patron_fuente, TRUE),
('3cf6391b-8194-4760-9094-a2ba1c866ce7', 'regex'::patron_tipo, '\b(FARMA|FARMACIA|DROGUERIA|BOTICA)\b', '9cf54164-99da-4aca-a6df-3568f157b996', 25, 'Farmacia genérico', 'manual'::patron_fuente, TRUE),
('dc01cc9d-8161-490b-8a38-e12af5b1951d', 'regex'::patron_tipo, '\b(PANADERIA|HELADERIA|CONFITERIA|RESTAURANT|PIZZERIA|HAMBURG|PARRILLA|LOMITERIA|CAFE|PIZZA)\b', 'b1980305-5255-4242-86ea-000e748be04c', 25, 'Gastro genérico', 'manual'::patron_fuente, TRUE),
('d351ce3d-1b32-41ae-90e7-a39e6baf4774', 'contiene'::patron_tipo, 'AFTER SIX', '4aa430ab-7a4c-49f2-919f-b19005f59afe', 30, 'marca-candidata', 'manual'::patron_fuente, TRUE),
('19eb879c-16ed-456c-810e-2a3f907d22f5', 'contiene'::patron_tipo, 'ALLO BEIRUT', '19e24145-6c71-49b0-9470-4a2eab81ee02', 30, 'marca-candidata', 'manual'::patron_fuente, TRUE),
('e5b11ae2-19d5-4269-8908-5afdbb84b310', 'contiene'::patron_tipo, 'ALMACEN MASCOTAS', 'c8c2eca3-6c6d-4ec0-98ad-7e3d172e12d2', 30, 'marca-candidata', 'manual'::patron_fuente, TRUE),
('9f8c837d-e1dd-40e2-94d2-8c8dbc7d4a35', 'contiene'::patron_tipo, 'ARABIA KEBAB', 'b1980305-5255-4242-86ea-000e748be04c', 30, 'marca-candidata', 'manual'::patron_fuente, TRUE),
('38f50cde-c399-4766-871e-ff94b633b6fe', 'contiene'::patron_tipo, 'AUTOMOVIL SUPPLY', '3c0cb735-cc8f-4fc5-9520-a6cf652d91da', 30, 'marca-candidata', 'manual'::patron_fuente, TRUE),
('6f161a2d-c88e-438a-b545-1e2786f6a8cf', 'contiene'::patron_tipo, 'BELLINI PASTAS', 'b1980305-5255-4242-86ea-000e748be04c', 30, 'marca-candidata', 'manual'::patron_fuente, TRUE),
('a60fac7a-881b-48b3-9b5c-10e382d1b1e5', 'contiene'::patron_tipo, 'CAMPEONES PAÑALERIA', 'c516da5c-60f8-43ff-943b-28cb70abb90f', 30, 'marca-candidata', 'manual'::patron_fuente, TRUE),
('d8610fd8-1aca-440a-a407-06402c8d01c7', 'contiene'::patron_tipo, 'CAZA PESCA', '462cf0a8-1748-49ac-8f37-25c126a3d66a', 30, 'marca-candidata', 'manual'::patron_fuente, TRUE),
('6994286d-37eb-4702-8833-baa8a68d2126', 'contiene'::patron_tipo, 'COLOMBO', '462cf0a8-1748-49ac-8f37-25c126a3d66a', 30, NULL, 'manual'::patron_fuente, TRUE),
('f4618f72-fdc5-4ede-b94a-1d700ac1c1c9', 'contiene'::patron_tipo, 'COMO CASA', '19e24145-6c71-49b0-9470-4a2eab81ee02', 30, 'marca-candidata', 'manual'::patron_fuente, TRUE),
('e7ad5467-2e3d-487c-8fed-7903f5ebea49', 'contiene'::patron_tipo, 'CONSTRUC MATERIALES', 'c516da5c-60f8-43ff-943b-28cb70abb90f', 30, 'marca-candidata', 'manual'::patron_fuente, TRUE),
('35c4eeab-3815-4306-82a6-7cdda58dc3d3', 'contiene'::patron_tipo, 'CONSULTORIO MEDICO', 'c71548fe-6c2c-4de3-b3be-867418802209', 30, 'marca-candidata', 'manual'::patron_fuente, TRUE),
('ca24abbc-5364-4022-b897-624cf3142c2b', 'contiene'::patron_tipo, 'DATE GUSTO', '19e24145-6c71-49b0-9470-4a2eab81ee02', 30, 'marca-candidata', 'manual'::patron_fuente, TRUE),
('0f3713c1-d383-4140-b958-d5b2b3e67043', 'contiene'::patron_tipo, 'DISTRIBUIDORA SAN', '07374d74-b06d-4c62-b106-9e860392f68c', 30, 'marca-candidata', 'manual'::patron_fuente, TRUE),
('d9200de0-7611-4424-b877-a51b8a140dc8', 'contiene'::patron_tipo, 'DON EMPANADON', '19e24145-6c71-49b0-9470-4a2eab81ee02', 30, 'marca-candidata', 'manual'::patron_fuente, TRUE),
('3e05efdb-f87d-49c4-b071-82cf8faf46a3', 'contiene'::patron_tipo, 'DON VITO', '19e24145-6c71-49b0-9470-4a2eab81ee02', 30, 'marca-candidata', 'manual'::patron_fuente, TRUE),
('e34198a7-6d1a-4b05-add1-6f1a436307ea', 'contiene'::patron_tipo, 'DOÑA ANGELA', '19e24145-6c71-49b0-9470-4a2eab81ee02', 30, 'marca-candidata', 'manual'::patron_fuente, TRUE),
('31fa40ae-6ceb-4141-a307-e76ed9b28c3b', 'contiene'::patron_tipo, 'DULCE TENTACION', '19e24145-6c71-49b0-9470-4a2eab81ee02', 30, 'marca-candidata', 'manual'::patron_fuente, TRUE),
('8840f135-97a0-4478-8973-8acaf2f95a39', 'contiene'::patron_tipo, 'DULCES SALADOS', '19e24145-6c71-49b0-9470-4a2eab81ee02', 30, 'marca-candidata', 'manual'::patron_fuente, TRUE),
('4b2b24d1-91cb-4d70-bd57-3dfac061af04', 'contiene'::patron_tipo, 'ELECTRICO PUNTO', 'd9b5d2b5-9fdb-46b0-96d0-7ed9eda3ddd5', 30, 'marca-candidata', 'manual'::patron_fuente, TRUE),
('03013f56-d65c-44d4-812f-8eae86ff4f34', 'contiene'::patron_tipo, 'EMPANADON DON', '19e24145-6c71-49b0-9470-4a2eab81ee02', 30, 'marca-candidata', 'manual'::patron_fuente, TRUE),
('c35d4e82-3f86-4947-bf00-f74a16879ff6', 'contiene'::patron_tipo, 'ENEX GABANA', '6dc3b64c-3725-4ff0-983a-8c73effe8620', 30, 'marca-candidata', 'manual'::patron_fuente, TRUE),
('837b12f1-d819-4b3b-9d6d-140d62fcde58', 'contiene'::patron_tipo, 'ESTACION SERVICIO', '6dc3b64c-3725-4ff0-983a-8c73effe8620', 30, 'marca-candidata', 'manual'::patron_fuente, TRUE),
('89176787-2c63-479b-a36a-0f553df16a9c', 'contiene'::patron_tipo, 'FABRI OFERTAS', '54631841-35d8-4f89-85c4-cdfe91fce519', 30, 'marca-candidata', 'manual'::patron_fuente, TRUE),
('a6c6ce27-72f4-46e5-8a2f-dab0f5d16a8c', 'contiene'::patron_tipo, 'FORTIN DEP', '19e24145-6c71-49b0-9470-4a2eab81ee02', 30, 'marca-candidata', 'manual'::patron_fuente, TRUE),
('4e3765ae-68e7-4ec7-b1d0-8fcd0fef5960', 'contiene'::patron_tipo, 'FRUTA QUIERO', '19e24145-6c71-49b0-9470-4a2eab81ee02', 30, 'marca-candidata', 'manual'::patron_fuente, TRUE),
('17478d15-ccb5-4b58-a2d7-edc3583d30ca', 'contiene'::patron_tipo, 'FUGALINE', 'b1980305-5255-4242-86ea-000e748be04c', 30, NULL, 'manual'::patron_fuente, TRUE),
('2f7c2b3f-25c3-4215-b9fc-f7aae0198196', 'contiene'::patron_tipo, 'FUNDACION', '9b7e42a6-76ee-47dd-bec4-039f1b5acebc', 30, 'fundación/ONG', 'manual'::patron_fuente, TRUE),
('fd5e2f56-3e2f-4147-a486-7e6b34ebd3c7', 'contiene'::patron_tipo, 'FUNDACION VISION', 'c71548fe-6c2c-4de3-b3be-867418802209', 30, 'marca-candidata', 'manual'::patron_fuente, TRUE),
('df665802-1c9a-4264-8ec6-9e7bc49ba7a9', 'contiene'::patron_tipo, 'GABANA ENEX', '6dc3b64c-3725-4ff0-983a-8c73effe8620', 30, 'marca-candidata', 'manual'::patron_fuente, TRUE),
('c02e8bd1-0bbe-4178-961b-e752c3a9305c', 'contiene'::patron_tipo, 'GISELE STEPHANIE', 'aa77b186-6d10-4fc8-bc5e-795372e7d87c', 30, 'marca-candidata', 'manual'::patron_fuente, TRUE),
('95d885fe-e0b0-4188-b7d6-7411b03a2484', 'contiene'::patron_tipo, 'GODS PAN', '19e24145-6c71-49b0-9470-4a2eab81ee02', 30, 'marca-candidata', 'manual'::patron_fuente, TRUE),
('9e977eca-031f-4670-a50b-5faf64a14ad4', 'contiene'::patron_tipo, 'HIJAS FELICIANA', 'b1980305-5255-4242-86ea-000e748be04c', 30, 'marca-candidata', 'manual'::patron_fuente, TRUE),
('d538f59b-40ad-4dde-8d88-1ca6d7d5191c', 'contiene'::patron_tipo, 'HILAGRO MOVIL', '0d24c0d3-b8cc-4d63-a88b-549ce204e712', 30, 'marca-candidata', 'manual'::patron_fuente, TRUE),
('2ada1221-41f7-43ae-8dda-5524d98a5ed4', 'contiene'::patron_tipo, 'IMPORT', '9b7e42a6-76ee-47dd-bec4-039f1b5acebc', 30, 'importadora', 'manual'::patron_fuente, TRUE),
('594e1e2b-2fb5-4b3b-ac89-7fa8df8ed06b', 'contiene'::patron_tipo, 'JUAN VALDEZ', 'b1980305-5255-4242-86ea-000e748be04c', 30, 'marca-candidata', 'manual'::patron_fuente, TRUE),
('c76d9106-a96c-481e-93c5-18ed30a0f740', 'contiene'::patron_tipo, 'LA ESCONDIDA', 'b1980305-5255-4242-86ea-000e748be04c', 30, NULL, 'manual'::patron_fuente, TRUE),
('6bca791b-0c21-492f-9153-01a05a874789', 'contiene'::patron_tipo, 'LIBANO MONTE', 'b1980305-5255-4242-86ea-000e748be04c', 30, 'marca-candidata', 'manual'::patron_fuente, TRUE),
('95011baa-9167-4ac7-8ce7-28cf2748204f', 'contiene'::patron_tipo, 'MEDIALUNAS CALENTITAS', '19e24145-6c71-49b0-9470-4a2eab81ee02', 30, 'marca-candidata', 'manual'::patron_fuente, TRUE),
('7c744955-8026-4a2e-8750-93fd3ee0e0e3', 'contiene'::patron_tipo, 'MOPC PEAJE', '3c0cb735-cc8f-4fc5-9520-a6cf652d91da', 30, 'marca-candidata', 'manual'::patron_fuente, TRUE),
('194dd72a-774f-478a-a18b-e85589b50076', 'contiene'::patron_tipo, 'NEW BALANCE', '4aa430ab-7a4c-49f2-919f-b19005f59afe', 30, 'marca-candidata', 'manual'::patron_fuente, TRUE),
('934f8db8-0dba-42e7-8e32-a7f44298797a', 'contiene'::patron_tipo, 'NUESTRA CASA', 'c516da5c-60f8-43ff-943b-28cb70abb90f', 30, 'marca-candidata', 'manual'::patron_fuente, TRUE),
('0c666fe4-2f92-4035-aa87-8c5648367e87', 'contiene'::patron_tipo, 'OULET TELA', '4aa430ab-7a4c-49f2-919f-b19005f59afe', 30, 'marca-candidata', 'manual'::patron_fuente, TRUE),
('7031bd03-3f1d-4082-b199-e96232408d0b', 'contiene'::patron_tipo, 'PESQUE PAGUE', '462cf0a8-1748-49ac-8f37-25c126a3d66a', 30, 'marca-candidata', 'manual'::patron_fuente, TRUE),
('8fd7ceba-ae8b-408e-82c0-fc42276d561d', 'contiene'::patron_tipo, 'PETRO', '6dc3b64c-3725-4ff0-983a-8c73effe8620', 30, 'petro', 'manual'::patron_fuente, TRUE),
('e9da149f-b84f-4ba1-b8fe-a91795ba735e', 'contiene'::patron_tipo, 'PISCINAS CASA', 'c516da5c-60f8-43ff-943b-28cb70abb90f', 30, 'marca-candidata', 'manual'::patron_fuente, TRUE),
('e6eccd00-71da-40bf-99f1-fec41b9f95a2', 'contiene'::patron_tipo, 'PUMA SAN', '6dc3b64c-3725-4ff0-983a-8c73effe8620', 30, 'marca-candidata', 'manual'::patron_fuente, TRUE),
('c9182ba5-accf-454b-b60d-8e4ad36fc169', 'contiene'::patron_tipo, 'PUNTO ELECTRICO', 'c516da5c-60f8-43ff-943b-28cb70abb90f', 30, 'marca-candidata', 'manual'::patron_fuente, TRUE),
('ca521ab8-309c-4a6f-9901-401979dcb953', 'contiene'::patron_tipo, 'QUIERO FRUTA', '19e24145-6c71-49b0-9470-4a2eab81ee02', 30, 'marca-candidata', 'manual'::patron_fuente, TRUE),
('661009db-b962-42ec-937d-d4f584e08218', 'contiene'::patron_tipo, 'REAL SUP', '54631841-35d8-4f89-85c4-cdfe91fce519', 30, 'marca-candidata', 'manual'::patron_fuente, TRUE),
('cdeec51e-e47b-4de8-bf70-a82ea4ee08da', 'contiene'::patron_tipo, 'RECORD ELECTRIC', 'c516da5c-60f8-43ff-943b-28cb70abb90f', 30, 'marca-candidata', 'manual'::patron_fuente, TRUE),
('04d1cf23-544f-455e-b8c9-9e1b657a8c92', 'contiene'::patron_tipo, 'ROSADA CASA', 'c516da5c-60f8-43ff-943b-28cb70abb90f', 30, 'marca-candidata', 'manual'::patron_fuente, TRUE),
('a5938962-8753-41ec-a91d-8f0076983d28', 'contiene'::patron_tipo, 'SAN PUMA', '4aa430ab-7a4c-49f2-919f-b19005f59afe', 30, 'marca-candidata', 'manual'::patron_fuente, TRUE),
('8e569cd2-4913-481c-af90-658c540508a9', 'contiene'::patron_tipo, 'SAN SUP', '54631841-35d8-4f89-85c4-cdfe91fce519', 30, 'marca-candidata', 'manual'::patron_fuente, TRUE),
('840125c1-5a68-40db-918e-a26ea540db00', 'contiene'::patron_tipo, 'SERVICIO ESTACION', '6dc3b64c-3725-4ff0-983a-8c73effe8620', 30, 'marca-candidata', 'manual'::patron_fuente, TRUE),
('8a85492d-c674-43fd-9b1d-8db29b89e92d', 'contiene'::patron_tipo, 'SIX AFTER', '4aa430ab-7a4c-49f2-919f-b19005f59afe', 30, 'marca-candidata', 'manual'::patron_fuente, TRUE),
('fb19297c-68e6-48e2-9515-f0cd4bd7c478', 'contiene'::patron_tipo, 'SUC COOP', '4fcc496a-a896-4082-95ee-040ea7dc327b', 30, 'marca-candidata', 'manual'::patron_fuente, TRUE),
('874058fb-712b-4ac4-bbf7-dab2645d9697', 'contiene'::patron_tipo, 'SUC JEANS', '4aa430ab-7a4c-49f2-919f-b19005f59afe', 30, 'marca-candidata', 'manual'::patron_fuente, TRUE),
('c4b0cfc2-d923-42ad-b075-6487699292f1', 'contiene'::patron_tipo, 'SUP GRAN', '54631841-35d8-4f89-85c4-cdfe91fce519', 30, 'marca-candidata', 'manual'::patron_fuente, TRUE),
('45015d95-6691-43aa-becf-58f515daf60e', 'contiene'::patron_tipo, 'SUP PUEBLO', '54631841-35d8-4f89-85c4-cdfe91fce519', 30, 'marca-candidata', 'manual'::patron_fuente, TRUE),
('9b04cd5f-3726-44e2-af35-fcbcfccad3a6', 'contiene'::patron_tipo, 'SUP REAL', '54631841-35d8-4f89-85c4-cdfe91fce519', 30, 'marca-candidata', 'manual'::patron_fuente, TRUE),
('4c989fd6-4b41-48f0-bc8a-95c8d6028e7b', 'contiene'::patron_tipo, 'SUP SAN', '54631841-35d8-4f89-85c4-cdfe91fce519', 30, 'marca-candidata', 'manual'::patron_fuente, TRUE),
('473fc375-0354-4469-9f10-10d9b1e1d911', 'contiene'::patron_tipo, 'TEXTIL SURCOS', '4aa430ab-7a4c-49f2-919f-b19005f59afe', 30, 'marca-candidata', 'manual'::patron_fuente, TRUE),
('b79d9aac-a963-4237-8f3e-2e50a6e4400b', 'contiene'::patron_tipo, 'TIO LUQUE', '19e24145-6c71-49b0-9470-4a2eab81ee02', 30, 'marca-candidata', 'manual'::patron_fuente, TRUE),
('b3af09c4-0ab5-493e-8727-44d3b3f57bf9', 'contiene'::patron_tipo, 'TODO 25MIL', '07374d74-b06d-4c62-b106-9e860392f68c', 30, 'marca-candidata', 'manual'::patron_fuente, TRUE),
('a3fa2d9e-aee3-423e-91dc-33f705ddea0b', 'contiene'::patron_tipo, 'TODO POR', '4aa430ab-7a4c-49f2-919f-b19005f59afe', 30, 'marca-candidata', 'manual'::patron_fuente, TRUE),
('954c328d-7656-4ab2-bbbe-02388f71d83a', 'contiene'::patron_tipo, 'TODO RICO', 'b1980305-5255-4242-86ea-000e748be04c', 30, 'marca-candidata', 'manual'::patron_fuente, TRUE),
('a157bcff-c3eb-4455-a043-4396bed69034', 'contiene'::patron_tipo, 'UNIV DEL', 'f5ee95f5-f9cc-43e2-9f8a-0ef783352dc1', 30, 'marca-candidata', 'manual'::patron_fuente, TRUE),
('ee78b80d-032c-40c8-bf49-93b92fcd3600', 'contiene'::patron_tipo, 'VALDEZ JUAN', '19e24145-6c71-49b0-9470-4a2eab81ee02', 30, 'marca-candidata', 'manual'::patron_fuente, TRUE),
('cc15bf29-d80d-460d-bee8-d97f5074e47e', 'contiene'::patron_tipo, 'VARIEDADES', '54631841-35d8-4f89-85c4-cdfe91fce519', 30, 'variedades', 'manual'::patron_fuente, TRUE),
('79305780-b898-4ff2-9240-a3c1380325b4', 'contiene'::patron_tipo, 'VIA GRAN', '54631841-35d8-4f89-85c4-cdfe91fce519', 30, 'marca-candidata', 'manual'::patron_fuente, TRUE),
('2b097a8e-1663-4e57-9e24-7d10081500e6', 'contiene'::patron_tipo, 'VITO DON', '19e24145-6c71-49b0-9470-4a2eab81ee02', 30, 'marca-candidata', 'manual'::patron_fuente, TRUE),
('f1f75ae9-20f3-4af2-87f1-138abdb4af82', 'regex'::patron_tipo, '\b(CATEDRAL\b.*\bFARMA|FARMA\b.*\bCATEDRAL)\b', '9cf54164-99da-4aca-a6df-3568f157b996', 30, 'Catedral farmacia', 'manual'::patron_fuente, TRUE),
('b28a2da4-942f-4c05-83e5-53f274559f3a', 'regex'::patron_tipo, '\b(DELIVERY|FOOD)\b', 'b1980305-5255-4242-86ea-000e748be04c', 30, 'Delivery/Food', 'manual'::patron_fuente, TRUE),
('3191e00f-a6b7-4aa4-b53a-c4c3bd3c0321', 'regex'::patron_tipo, '\b(DEPORT|GIMNASIO)\w*\b', '462cf0a8-1748-49ac-8f37-25c126a3d66a', 30, 'Deportivo/Gimnasio', 'manual'::patron_fuente, TRUE),
('b9cf39d7-0dea-49f8-8689-657283ad455b', 'regex'::patron_tipo, '\b(MOTOR?REPUEST|AUTORREPUEST)\w*\b', '9b7e42a6-76ee-47dd-bec4-039f1b5acebc', 30, 'Repuestos auto', 'manual'::patron_fuente, TRUE),
('87cb551c-554c-4bcf-bcb9-1d625ce2d82d', 'regex'::patron_tipo, '\bAMANDAU\b', '19e24145-6c71-49b0-9470-4a2eab81ee02', 30, 'Amandau', 'manual'::patron_fuente, TRUE),
('eaaaa5c8-ea5e-4988-b2fb-567a9221963f', 'regex'::patron_tipo, '\bAUDIOLOGIA\b', 'c71548fe-6c2c-4de3-b3be-867418802209', 30, 'Audiología', 'manual'::patron_fuente, TRUE),
('55969afa-c3ba-4680-9279-7b8998e95904', 'regex'::patron_tipo, '\bAUTOS?ERVICIO\b', '54631841-35d8-4f89-85c4-cdfe91fce519', 30, 'Autoservicio', 'manual'::patron_fuente, TRUE),
('8869d9b4-d902-4ab4-bb38-9094fb0d1cc6', 'regex'::patron_tipo, '\bBARATOTE\b', '54631841-35d8-4f89-85c4-cdfe91fce519', 30, 'Baratote', 'manual'::patron_fuente, TRUE),
('93cd660b-bb61-4a28-9bca-16f6f9daa95b', 'regex'::patron_tipo, '\bBAR\b', 'b1980305-5255-4242-86ea-000e748be04c', 30, NULL, 'manual'::patron_fuente, TRUE),
('e398a8e7-d0c1-4244-aa65-6f651a04ee6c', 'regex'::patron_tipo, '\bBEBIDAS\b', '19e24145-6c71-49b0-9470-4a2eab81ee02', 30, 'Bebidas', 'manual'::patron_fuente, TRUE),
('f6f8b65b-5f86-46a7-b924-b3f270428cb0', 'regex'::patron_tipo, '\bCALZADOS?\b', '4aa430ab-7a4c-49f2-919f-b19005f59afe', 30, 'Calzados', 'manual'::patron_fuente, TRUE),
('1a1ce3bc-78ab-481f-87c1-7e4ef2cdb849', 'regex'::patron_tipo, '\bCELL\b', 'd9b5d2b5-9fdb-46b0-96d0-7ed9eda3ddd5', 30, 'Celulares', 'manual'::patron_fuente, TRUE),
('e8da8636-f872-4ab7-8832-7981a98e5247', 'regex'::patron_tipo, '\bCHIPA\b', '19e24145-6c71-49b0-9470-4a2eab81ee02', 30, 'Chipa', 'manual'::patron_fuente, TRUE),
('8600a432-ad8d-48f3-a941-c8cf5c39a1e2', 'regex'::patron_tipo, '\bCIAL\b', '54631841-35d8-4f89-85c4-cdfe91fce519', 30, NULL, 'manual'::patron_fuente, TRUE),
('14f0f18e-f998-42bb-b0ee-781b9e416b84', 'regex'::patron_tipo, '\bDRA?\b', 'c71548fe-6c2c-4de3-b3be-867418802209', 30, 'Dr/Dra', 'manual'::patron_fuente, TRUE),
('b4f1742b-4630-42af-a99a-e6adfe1988c4', 'regex'::patron_tipo, '\bELECTRONICA\b', 'd9b5d2b5-9fdb-46b0-96d0-7ed9eda3ddd5', 30, 'auto-sugerido-ia', 'manual'::patron_fuente, TRUE),
('a1ee0023-9ab6-4555-b473-ac99b5013f42', 'regex'::patron_tipo, '\bGOMERIA\b', '9b7e42a6-76ee-47dd-bec4-039f1b5acebc', 30, 'Gomería', 'manual'::patron_fuente, TRUE),
('27b77cde-491c-4dd6-b67d-2c391bfd279f', 'regex'::patron_tipo, '\bLOS\s*JARDINES\b', '54631841-35d8-4f89-85c4-cdfe91fce519', 30, 'Los Jardines', 'manual'::patron_fuente, TRUE),
('27baa87b-5d3c-44ba-a7a4-9521e24097c1', 'regex'::patron_tipo, '\bLUBRI\w*\b', '9b7e42a6-76ee-47dd-bec4-039f1b5acebc', 30, 'Lubricantes', 'manual'::patron_fuente, TRUE),
('a6e1be80-72e8-4a89-a5f4-aaa2237c1dfd', 'regex'::patron_tipo, '\bMARKET\b', '54631841-35d8-4f89-85c4-cdfe91fce519', 30, 'Market', 'manual'::patron_fuente, TRUE),
('bf75a294-fe62-43fb-9191-3a684d2cb325', 'regex'::patron_tipo, '\bMUEBLES?\b', 'c516da5c-60f8-43ff-943b-28cb70abb90f', 30, 'Muebles', 'manual'::patron_fuente, TRUE),
('bdeab3eb-cb54-4954-9676-be6ea00215ab', 'regex'::patron_tipo, '\bPADEL\b', '462cf0a8-1748-49ac-8f37-25c126a3d66a', 30, 'Padel', 'manual'::patron_fuente, TRUE),
('d75400f4-2e1a-46d0-92c9-d96e239a4cc2', 'regex'::patron_tipo, '\bSUPER\b', '54631841-35d8-4f89-85c4-cdfe91fce519', 30, NULL, 'manual'::patron_fuente, TRUE),
('f1f01120-fb8c-4081-a2c5-308af25388d1', 'regex'::patron_tipo, '\bVIANDA\b', 'b1980305-5255-4242-86ea-000e748be04c', 30, 'Vianda', 'manual'::patron_fuente, TRUE),
('ef720728-f654-4d12-a665-bebbbc9f105a', 'contiene'::patron_tipo, 'ACAPOS', '54631841-35d8-4f89-85c4-cdfe91fce519', 35, 'auto-sugerido-ia', 'manual'::patron_fuente, TRUE),
('ed1863b6-0842-4855-a110-a78e616b0026', 'contiene'::patron_tipo, 'AGROVET', 'c8c2eca3-6c6d-4ec0-98ad-7e3d172e12d2', 35, 'auto-sugerido-ia', 'manual'::patron_fuente, TRUE),
('d7063542-8149-452f-a16b-db10d5cfccfc', 'contiene'::patron_tipo, 'ALMACEN', '54631841-35d8-4f89-85c4-cdfe91fce519', 35, 'auto-sugerido-ia', 'manual'::patron_fuente, TRUE),
('75413f56-fc42-47b9-b4a9-1aef6e51b70b', 'contiene'::patron_tipo, 'ASADITO', 'b1980305-5255-4242-86ea-000e748be04c', 35, 'auto-sugerido-ia', 'manual'::patron_fuente, TRUE),
('ddcc40ba-af74-4453-9b03-92254da9778f', 'contiene'::patron_tipo, 'ASADITOS', 'b1980305-5255-4242-86ea-000e748be04c', 35, 'auto-sugerido-ia', 'manual'::patron_fuente, TRUE),
('2b2af4d1-5aef-42e5-b0d2-c53340697bf3', 'contiene'::patron_tipo, 'AUTOMOTIVO', '3c0cb735-cc8f-4fc5-9520-a6cf652d91da', 35, 'auto-sugerido-ia', 'manual'::patron_fuente, TRUE),
('959ec813-42c4-4dee-839d-9861d208c34f', 'contiene'::patron_tipo, 'AUTOREPUESTOS', '9b7e42a6-76ee-47dd-bec4-039f1b5acebc', 35, 'auto-sugerido-ia', 'manual'::patron_fuente, TRUE),
('d337ea21-2842-4816-b32f-52df747e2aea', 'contiene'::patron_tipo, 'BAHIA', '6dc3b64c-3725-4ff0-983a-8c73effe8620', 35, 'auto-sugerido', 'manual'::patron_fuente, TRUE),
('5076294e-a871-4f84-97bf-6fa56ca247e3', 'contiene'::patron_tipo, 'BAZAR', '4aa430ab-7a4c-49f2-919f-b19005f59afe', 35, 'auto-sugerido-ia', 'manual'::patron_fuente, TRUE),
('22f0bd51-0374-4da4-a064-701f7b56cf8b', 'contiene'::patron_tipo, 'BEAUTY', 'c71548fe-6c2c-4de3-b3be-867418802209', 35, 'auto-sugerido-ia', 'manual'::patron_fuente, TRUE),
('a2464c77-9ccf-49b5-9e3a-eda07a63405b', 'contiene'::patron_tipo, 'BEEF CLUB', 'b1980305-5255-4242-86ea-000e748be04c', 35, 'auto-sugerido-ia', 'manual'::patron_fuente, TRUE),
('bc98a6d6-fd1f-4ecd-9431-64003cdf419c', 'contiene'::patron_tipo, 'BELLEZA', 'c71548fe-6c2c-4de3-b3be-867418802209', 35, 'auto-sugerido', 'manual'::patron_fuente, TRUE),
('1117e6b8-cba5-49eb-aab5-2633c90c96dd', 'contiene'::patron_tipo, 'BODEGUITA', '54631841-35d8-4f89-85c4-cdfe91fce519', 35, 'auto-sugerido-ia', 'manual'::patron_fuente, TRUE),
('8306adcd-e5b6-4663-8128-efa18ba44386', 'contiene'::patron_tipo, 'BURGUER', 'b1980305-5255-4242-86ea-000e748be04c', 35, 'auto-sugerido-ia', 'manual'::patron_fuente, TRUE),
('28268555-0d96-4ee5-baf7-4b262901085e', 'contiene'::patron_tipo, 'CALZADOS', '4aa430ab-7a4c-49f2-919f-b19005f59afe', 35, 'auto-sugerido', 'manual'::patron_fuente, TRUE),
('0b8931a1-3bd9-40ef-b3cc-a4f96e725f28', 'contiene'::patron_tipo, 'CANTINA', 'b1980305-5255-4242-86ea-000e748be04c', 35, 'auto-sugerido-ia', 'manual'::patron_fuente, TRUE),
('cdaa4efb-23e4-4f02-b9e4-70d394ef8ce4', 'contiene'::patron_tipo, 'CARNE', '19e24145-6c71-49b0-9470-4a2eab81ee02', 35, 'auto-sugerido-ia', 'manual'::patron_fuente, TRUE),
('ae91f690-3207-42d2-b553-8b33f074dfa0', 'contiene'::patron_tipo, 'CARNES', '19e24145-6c71-49b0-9470-4a2eab81ee02', 35, 'auto-sugerido-ia', 'manual'::patron_fuente, TRUE),
('e8a8bbc4-efa2-4b2e-a1bc-f633d8d26006', 'contiene'::patron_tipo, 'CENTRO MEDICO', 'c71548fe-6c2c-4de3-b3be-867418802209', 35, 'auto-sugerido-ia', 'manual'::patron_fuente, TRUE),
('6f9f8260-fb49-4159-988c-5a3e68faa07d', 'contiene'::patron_tipo, 'CHIPA', '19e24145-6c71-49b0-9470-4a2eab81ee02', 35, 'auto-sugerido', 'manual'::patron_fuente, TRUE),
('586021e8-cf69-4d1a-8b06-c69f5cc5cb98', 'contiene'::patron_tipo, 'CHIPERIA', '19e24145-6c71-49b0-9470-4a2eab81ee02', 35, 'auto-sugerido-ia', 'manual'::patron_fuente, TRUE),
('a9721e78-7bd7-4894-9127-6ffdfed46412', 'contiene'::patron_tipo, 'COFFEEBAR', 'b1980305-5255-4242-86ea-000e748be04c', 35, 'auto-sugerido-ia', 'manual'::patron_fuente, TRUE),
('02bd0de3-5eea-4a6b-b297-faeae56ef7bd', 'contiene'::patron_tipo, 'COFFEECAKE', 'b1980305-5255-4242-86ea-000e748be04c', 35, 'auto-sugerido-ia', 'manual'::patron_fuente, TRUE),
('bb386f85-4caa-40a5-9657-ddb43a1fa22a', 'contiene'::patron_tipo, 'COIFFURE', 'c71548fe-6c2c-4de3-b3be-867418802209', 35, 'auto-sugerido-ia', 'manual'::patron_fuente, TRUE),
('9fa5cf3f-8fb4-4024-bdc4-3731a2bed497', 'contiene'::patron_tipo, 'COMERCIAL', '54631841-35d8-4f89-85c4-cdfe91fce519', 35, 'auto-sugerido', 'manual'::patron_fuente, TRUE),
('b0f4f606-0a32-48bc-b18f-b83d1722651a', 'contiene'::patron_tipo, 'COMERCIO', '07374d74-b06d-4c62-b106-9e860392f68c', 35, 'auto-sugerido-ia', 'manual'::patron_fuente, TRUE),
('bd0a8168-6ff7-46a3-9188-d394ed6819d2', 'contiene'::patron_tipo, 'COSMETICA', '4aa430ab-7a4c-49f2-919f-b19005f59afe', 35, 'auto-sugerido-ia', 'manual'::patron_fuente, TRUE),
('91aa2bea-7d93-4816-afa6-8f78082b87ee', 'contiene'::patron_tipo, 'COSMETICO', 'c71548fe-6c2c-4de3-b3be-867418802209', 35, 'auto-sugerido-ia', 'manual'::patron_fuente, TRUE),
('db439bec-3ef8-48fa-91bf-ca3ae97e3e6e', 'contiene'::patron_tipo, 'COSMETICOS', '4aa430ab-7a4c-49f2-919f-b19005f59afe', 35, 'auto-sugerido-ia', 'manual'::patron_fuente, TRUE),
('5a211755-b474-4ede-9a78-59d76c0a33c2', 'contiene'::patron_tipo, 'DELICIAS', '19e24145-6c71-49b0-9470-4a2eab81ee02', 35, 'auto-sugerido-ia', 'manual'::patron_fuente, TRUE),
('5ac755fa-647a-490f-b408-69103152182f', 'contiene'::patron_tipo, 'DELICIAS CASERAS', '19e24145-6c71-49b0-9470-4a2eab81ee02', 35, 'auto-sugerido-ia', 'manual'::patron_fuente, TRUE),
('42aaffe2-2ec0-43aa-aeac-0e15be3c6423', 'contiene'::patron_tipo, 'DENTAL', 'c71548fe-6c2c-4de3-b3be-867418802209', 35, 'auto-sugerido-ia', 'manual'::patron_fuente, TRUE),
('5208f994-d43b-4292-9659-2bf4bd6a8b2d', 'contiene'::patron_tipo, 'DESPENSA', '54631841-35d8-4f89-85c4-cdfe91fce519', 35, 'auto-sugerido', 'manual'::patron_fuente, TRUE),
('8b8c3f2a-ca71-4bd4-b026-c22ea183cdcd', 'contiene'::patron_tipo, 'ELECTRICA', 'd9b5d2b5-9fdb-46b0-96d0-7ed9eda3ddd5', 35, 'auto-sugerido-ia', 'manual'::patron_fuente, TRUE),
('dbfee939-1690-4645-9373-1a3430c29a3e', 'contiene'::patron_tipo, 'ELECTRO', 'c516da5c-60f8-43ff-943b-28cb70abb90f', 35, 'auto-sugerido-ia', 'manual'::patron_fuente, TRUE),
('0dd511cf-bf74-4004-bbed-fa492ae38998', 'contiene'::patron_tipo, 'ELECTRODOMESTICOS', 'c516da5c-60f8-43ff-943b-28cb70abb90f', 35, 'auto-sugerido-ia', 'manual'::patron_fuente, TRUE),
('e64a39e7-7e27-4a3b-aa50-2686885997b3', 'contiene'::patron_tipo, 'ELECTRONICA', 'd9b5d2b5-9fdb-46b0-96d0-7ed9eda3ddd5', 35, 'auto-sugerido-ia', 'manual'::patron_fuente, TRUE),
('8ba9462f-8633-4207-868d-b3d1630728a2', 'contiene'::patron_tipo, 'EMBUTIDOS', '19e24145-6c71-49b0-9470-4a2eab81ee02', 35, 'auto-sugerido-ia', 'manual'::patron_fuente, TRUE),
('2accbdab-c8e8-4e23-a8fc-b21f3702134a', 'contiene'::patron_tipo, 'EMPANADAS', 'b1980305-5255-4242-86ea-000e748be04c', 35, 'auto-sugerido-ia', 'manual'::patron_fuente, TRUE),
('a52210be-0e9d-4a62-95c7-ee4ae3d848d1', 'contiene'::patron_tipo, 'ESTACION', '6dc3b64c-3725-4ff0-983a-8c73effe8620', 35, 'auto-sugerido-ia', 'manual'::patron_fuente, TRUE),
('6f887db9-c792-44d6-951e-9bbf6ff09bb4', 'contiene'::patron_tipo, 'ESTETICA', 'c71548fe-6c2c-4de3-b3be-867418802209', 35, 'auto-sugerido-ia', 'manual'::patron_fuente, TRUE),
('263f0577-9e4b-4444-92c2-d79afef7b591', 'contiene'::patron_tipo, 'ESTILO', '4aa430ab-7a4c-49f2-919f-b19005f59afe', 35, 'auto-sugerido-ia', 'manual'::patron_fuente, TRUE),
('dcb1068f-667f-4bbd-883d-3066ae11804d', 'contiene'::patron_tipo, 'EVENTOS', '462cf0a8-1748-49ac-8f37-25c126a3d66a', 35, 'auto-sugerido-ia', 'manual'::patron_fuente, TRUE),
('3f6fcdb3-967d-4293-b139-50ada95e8f2d', 'contiene'::patron_tipo, 'FASHION', '4aa430ab-7a4c-49f2-919f-b19005f59afe', 35, 'auto-sugerido-ia', 'manual'::patron_fuente, TRUE),
('1beb4861-1a38-431b-91d6-f8d0be98e60d', 'contiene'::patron_tipo, 'FASHION POINT', '4aa430ab-7a4c-49f2-919f-b19005f59afe', 35, 'auto-sugerido-ia', 'manual'::patron_fuente, TRUE),
('24c38d21-102a-48c3-bedd-f63f18218d87', 'contiene'::patron_tipo, 'FERRE', 'c516da5c-60f8-43ff-943b-28cb70abb90f', 35, 'auto-sugerido-ia', 'manual'::patron_fuente, TRUE),
('7d86bc19-68c1-401e-a8a7-f5f7d6f4989b', 'contiene'::patron_tipo, 'GIMNASIO', 'c71548fe-6c2c-4de3-b3be-867418802209', 35, 'auto-sugerido-ia', 'manual'::patron_fuente, TRUE),
('64bce0e6-3e64-4238-8526-160542e50c66', 'contiene'::patron_tipo, 'GOURMET', 'b1980305-5255-4242-86ea-000e748be04c', 35, 'auto-sugerido-ia', 'manual'::patron_fuente, TRUE),
('a177a1ea-c8db-47fe-895d-37ebe95709b1', 'contiene'::patron_tipo, 'GRILL', 'b1980305-5255-4242-86ea-000e748be04c', 35, 'auto-sugerido-ia', 'manual'::patron_fuente, TRUE),
('65b83622-5b1b-4f09-8769-0a9f95f498e2', 'contiene'::patron_tipo, 'HELADOS', '19e24145-6c71-49b0-9470-4a2eab81ee02', 35, 'auto-sugerido-ia', 'manual'::patron_fuente, TRUE),
('054b58fc-474a-4a9f-9478-8f7b09b59c1e', 'contiene'::patron_tipo, 'HOGAR', 'c516da5c-60f8-43ff-943b-28cb70abb90f', 35, 'auto-sugerido-ia', 'manual'::patron_fuente, TRUE),
('13574269-ab40-423f-8bee-b2167e470847', 'contiene'::patron_tipo, 'JEANS', '4aa430ab-7a4c-49f2-919f-b19005f59afe', 35, 'auto-sugerido-ia', 'manual'::patron_fuente, TRUE),
('aafb74f9-0f03-4cbb-8008-0841c53451bc', 'contiene'::patron_tipo, 'JOYAS', '4aa430ab-7a4c-49f2-919f-b19005f59afe', 35, 'auto-sugerido-ia', 'manual'::patron_fuente, TRUE),
('50f2ab73-6763-41a1-b457-9e030a08c8ac', 'contiene'::patron_tipo, 'LOMI', 'b1980305-5255-4242-86ea-000e748be04c', 35, 'auto-sugerido-ia', 'manual'::patron_fuente, TRUE),
('e26a4565-50ba-458b-a2aa-7439b144a791', 'contiene'::patron_tipo, 'LOMITERO', 'b1980305-5255-4242-86ea-000e748be04c', 35, 'auto-sugerido-ia', 'manual'::patron_fuente, TRUE),
('a399254c-df63-4cf8-af79-86fb027a6d3d', 'contiene'::patron_tipo, 'LOMITON', 'b1980305-5255-4242-86ea-000e748be04c', 35, 'auto-sugerido-ia', 'manual'::patron_fuente, TRUE),
('714da476-dd48-48fd-9871-eb9dc3642f09', 'contiene'::patron_tipo, 'LOMITOS', 'b1980305-5255-4242-86ea-000e748be04c', 35, 'auto-sugerido-ia', 'manual'::patron_fuente, TRUE),
('85e203bd-10b1-4eff-b3af-a7f4bb879d85', 'contiene'::patron_tipo, 'MERCADO', '54631841-35d8-4f89-85c4-cdfe91fce519', 35, 'auto-sugerido', 'manual'::patron_fuente, TRUE),
('0ee5e1c9-d141-4219-91c0-c62fb5f5399d', 'contiene'::patron_tipo, 'MERCERIA', '4aa430ab-7a4c-49f2-919f-b19005f59afe', 35, 'auto-sugerido-ia', 'manual'::patron_fuente, TRUE),
('f1a22958-4822-4f2f-ad02-8f5d48e8b23c', 'contiene'::patron_tipo, 'MINI MARKET', '54631841-35d8-4f89-85c4-cdfe91fce519', 35, 'auto-sugerido-ia', 'manual'::patron_fuente, TRUE),
('a25f2b13-48bc-4b9d-8fe5-b349d9fba812', 'contiene'::patron_tipo, 'MINIMARKET', '54631841-35d8-4f89-85c4-cdfe91fce519', 35, 'auto-sugerido', 'manual'::patron_fuente, TRUE),
('41bcfd38-2a5b-40e9-a552-8790c91c32ee', 'contiene'::patron_tipo, 'MOTO', '9b7e42a6-76ee-47dd-bec4-039f1b5acebc', 35, 'auto-sugerido-ia', 'manual'::patron_fuente, TRUE),
('a057b266-27bd-40a4-8d6e-e8c0f2260c7b', 'contiene'::patron_tipo, 'MUEBLERIA', 'c516da5c-60f8-43ff-943b-28cb70abb90f', 35, 'auto-sugerido-ia', 'manual'::patron_fuente, TRUE),
('7ccd7d4d-ffbd-4f38-834e-089355eddea0', 'contiene'::patron_tipo, 'MUEBLES', 'c516da5c-60f8-43ff-943b-28cb70abb90f', 35, 'auto-sugerido', 'manual'::patron_fuente, TRUE),
('94d40059-40c4-4a4c-a5ca-732b1f88e6a6', 'contiene'::patron_tipo, 'NAILS', 'c71548fe-6c2c-4de3-b3be-867418802209', 35, 'auto-sugerido', 'manual'::patron_fuente, TRUE),
('1e011592-cb06-43dc-bfc3-976c82776a9c', 'contiene'::patron_tipo, 'ODONTO', 'c71548fe-6c2c-4de3-b3be-867418802209', 35, 'auto-sugerido-ia', 'manual'::patron_fuente, TRUE),
('05e66c12-50cf-476b-9057-482d3d2d0b8a', 'contiene'::patron_tipo, 'PADEL', '462cf0a8-1748-49ac-8f37-25c126a3d66a', 35, 'auto-sugerido', 'manual'::patron_fuente, TRUE),
('4e62a612-4043-43b0-aedd-4ab0bcd1d61f', 'contiene'::patron_tipo, 'PANIFICADORA', '19e24145-6c71-49b0-9470-4a2eab81ee02', 35, 'auto-sugerido-ia', 'manual'::patron_fuente, TRUE),
('fcb28af9-af34-435f-a553-877cd864bbe6', 'contiene'::patron_tipo, 'PARADOR', 'd8984c74-7a3d-421e-b054-51372db59c47', 35, 'auto-sugerido-ia', 'manual'::patron_fuente, TRUE),
('6f5af2cb-ffee-47a6-b17b-076e5d5915b0', 'contiene'::patron_tipo, 'PASTELERIA', '19e24145-6c71-49b0-9470-4a2eab81ee02', 35, 'auto-sugerido-ia', 'manual'::patron_fuente, TRUE),
('b7861845-0a4e-4a7e-80f6-2f7f96d5a453', 'contiene'::patron_tipo, 'PASTICCERIA', '19e24145-6c71-49b0-9470-4a2eab81ee02', 35, 'auto-sugerido-ia', 'manual'::patron_fuente, TRUE),
('bf564e6e-99bc-4fd2-8f12-732cddff2f28', 'contiene'::patron_tipo, 'PELUQUERIA', '9b7e42a6-76ee-47dd-bec4-039f1b5acebc', 35, 'auto-sugerido-ia', 'manual'::patron_fuente, TRUE),
('d1cf7cd1-3a8b-4d58-9ac3-082af41496c9', 'contiene'::patron_tipo, 'PETROMAX', '6dc3b64c-3725-4ff0-983a-8c73effe8620', 35, 'auto-sugerido-ia', 'manual'::patron_fuente, TRUE),
('844a2db4-5276-44d7-87ea-75ab2d8c2059', 'contiene'::patron_tipo, 'REPOSTERIA', '19e24145-6c71-49b0-9470-4a2eab81ee02', 35, 'auto-sugerido-ia', 'manual'::patron_fuente, TRUE),
('26cbc835-4ee8-436b-82c1-dde5a4b45695', 'contiene'::patron_tipo, 'REPUESTOS', '9b7e42a6-76ee-47dd-bec4-039f1b5acebc', 35, 'auto-sugerido-ia', 'manual'::patron_fuente, TRUE),
('8fcc368d-d449-4273-96c9-87695e48afc4', 'contiene'::patron_tipo, 'RESTO', 'b1980305-5255-4242-86ea-000e748be04c', 35, 'auto-sugerido', 'manual'::patron_fuente, TRUE),
('03108e6a-19d7-432c-98dc-cb1573f7ba41', 'contiene'::patron_tipo, 'SALON', 'c71548fe-6c2c-4de3-b3be-867418802209', 35, 'auto-sugerido-ia', 'manual'::patron_fuente, TRUE),
('95ed8124-5d2d-4b35-985f-33223f35c685', 'contiene'::patron_tipo, 'SERVICE', '9b7e42a6-76ee-47dd-bec4-039f1b5acebc', 35, 'auto-sugerido-ia', 'manual'::patron_fuente, TRUE),
('9b6bab05-70d3-4869-873b-a7bf528f5775', 'contiene'::patron_tipo, 'SPORT', '462cf0a8-1748-49ac-8f37-25c126a3d66a', 35, 'auto-sugerido-ia', 'manual'::patron_fuente, TRUE),
('ac4fb882-6f2a-4a91-b961-e3106f9832e8', 'contiene'::patron_tipo, 'SUPER', '54631841-35d8-4f89-85c4-cdfe91fce519', 35, 'auto-sugerido-ia', 'manual'::patron_fuente, TRUE),
('9e1fc907-b28b-4fa5-a655-9cd388be2515', 'contiene'::patron_tipo, 'SUPERMIN', '54631841-35d8-4f89-85c4-cdfe91fce519', 35, 'auto-sugerido-ia', 'manual'::patron_fuente, TRUE),
('8b9b149f-3e8d-4d87-b2da-722a2808591a', 'contiene'::patron_tipo, 'VERDULERIA', '19e24145-6c71-49b0-9470-4a2eab81ee02', 35, 'auto-sugerido', 'manual'::patron_fuente, TRUE),
('627cc763-f526-4233-ad97-9a3597becf35', 'contiene'::patron_tipo, 'VETERINARIA', 'c8c2eca3-6c6d-4ec0-98ad-7e3d172e12d2', 35, 'auto-sugerido', 'manual'::patron_fuente, TRUE),
('bfe9b11a-628c-4bfd-a2a3-afc4b06eb64c', 'regex'::patron_tipo, '\bREST\b', 'b1980305-5255-4242-86ea-000e748be04c', 35, 'auto-sugerido-ia', 'manual'::patron_fuente, TRUE),
('015a9c20-57f1-4d8a-8ecd-7d3a2f2aa5e7', 'regex'::patron_tipo, '\bSUP\.', '54631841-35d8-4f89-85c4-cdfe91fce519', 35, 'auto-sugerido-ia', 'manual'::patron_fuente, TRUE),
('207a3547-1c65-4488-8226-a15c0a5a0c9e', 'regex'::patron_tipo, '\bVPOS\b', '4fcc496a-a896-4082-95ee-040ea7dc327b', 35, 'auto-sugerido-ia', 'manual'::patron_fuente, TRUE),
('f8ec4103-08bf-4868-a628-8b3adb487706', 'regex'::patron_tipo, '\bCLUB\b', '462cf0a8-1748-49ac-8f37-25c126a3d66a', 50, 'auto-sugerido-ia', 'manual'::patron_fuente, TRUE),
('c099c8d6-5f57-4fad-9fa3-b71068c393ae', 'regex'::patron_tipo, '\bSHOP\b', '54631841-35d8-4f89-85c4-cdfe91fce519', 50, NULL, 'manual'::patron_fuente, TRUE)
ON CONFLICT (tipo, valor, categoria_id) DO NOTHING;

-- marcas_conocidas (76)
INSERT INTO marcas_conocidas (id, marca, categoria_id, descripcion) VALUES
('3d013db5-8225-4627-9851-e51ea8a532ca', 'AMANDAU', '19e24145-6c71-49b0-9470-4a2eab81ee02', NULL),
('c54bbad9-6a48-402f-a18d-12b375217e58', 'AMAZON PRIME', '462cf0a8-1748-49ac-8f37-25c126a3d66a', NULL),
('da61536e-7225-4bda-b05c-53432c5956cd', 'ANDE', '9b7e42a6-76ee-47dd-bec4-039f1b5acebc', NULL),
('4f264070-678a-409c-9c81-f40efc5e0950', 'APUESTA', 'd21b4724-9e4a-47c3-927c-9e17d483d283', NULL),
('6a4035ee-1813-46c5-bf2b-67f8c4435dd8', 'AREA UNO', '54631841-35d8-4f89-85c4-cdfe91fce519', NULL),
('66afa5e6-6b4d-4cc2-9e81-fcaeca61d9af', 'AZAR LATINO', 'd21b4724-9e4a-47c3-927c-9e17d483d283', NULL),
('c1807707-7cdb-4967-854f-9753ce1580af', 'BARCOS Y RODADOS', '6dc3b64c-3725-4ff0-983a-8c73effe8620', NULL),
('98c337da-cf9d-4787-8086-6ad261354715', 'BETSAT', 'd21b4724-9e4a-47c3-927c-9e17d483d283', NULL),
('aaece723-49a4-4fb7-b9fa-3e4c5cf9e804', 'BIGGIE', '54631841-35d8-4f89-85c4-cdfe91fce519', NULL),
('46f22b69-7a3d-4e7d-b42f-71a04b85f33e', 'BOLT', '3c0cb735-cc8f-4fc5-9520-a6cf652d91da', NULL),
('f4985e65-d292-4e9a-96af-a67fbe276007', 'BOTICA', '9cf54164-99da-4aca-a6df-3568f157b996', NULL),
('24f33d48-0120-4c03-880a-d731d03d313e', 'BRISTOL', '9cf54164-99da-4aca-a6df-3568f157b996', NULL),
('191ff198-95cb-4c88-b0a2-0734e1d637d3', 'BURGER KING', 'b1980305-5255-4242-86ea-000e748be04c', NULL),
('e618c119-29f7-484a-8951-acec5f31f050', 'CABLE', '9b7e42a6-76ee-47dd-bec4-039f1b5acebc', NULL),
('2ec77ba2-9f8d-4b9f-a9f7-7c432765dcb0', 'CASA RICA', '54631841-35d8-4f89-85c4-cdfe91fce519', NULL),
('e77d2a21-657e-45d6-9d56-0ae7882af20c', 'CASINO', 'd21b4724-9e4a-47c3-927c-9e17d483d283', NULL),
('79498092-9f35-46e4-9cfd-35631fbdcaa2', 'CATEDRAL', '9cf54164-99da-4aca-a6df-3568f157b996', NULL),
('1fdf10f2-e384-4cef-97b2-1b8f6ed0a043', 'CHIPERIA', '19e24145-6c71-49b0-9470-4a2eab81ee02', NULL),
('6f062f3d-824a-4bbf-ad7e-626d5a466d10', 'CIAL', '54631841-35d8-4f89-85c4-cdfe91fce519', NULL),
('1a424cec-8ad1-462b-879f-d13f528c2932', 'CLARO', '9b7e42a6-76ee-47dd-bec4-039f1b5acebc', NULL),
('3738255c-3875-43c3-934f-e63b1321bb36', 'COMERCIAL', '54631841-35d8-4f89-85c4-cdfe91fce519', NULL),
('ef417061-e35e-438f-bf23-2cbfb021b181', 'CONFITERIA', '19e24145-6c71-49b0-9470-4a2eab81ee02', NULL),
('5e8c87fb-b569-4d82-bf46-918ac81bb2c0', 'COPACO', '9b7e42a6-76ee-47dd-bec4-039f1b5acebc', NULL),
('9aeb66b2-09af-4a06-ac6c-4fd01d5e7488', 'COPETROL', '6dc3b64c-3725-4ff0-983a-8c73effe8620', NULL),
('6787e88c-21fb-4be3-bc72-c0668dc076d1', 'DELIPOLLO', 'b1980305-5255-4242-86ea-000e748be04c', NULL),
('5d61b5a5-e2ac-486f-ab02-85db47a821eb', 'DISNEY', '462cf0a8-1748-49ac-8f37-25c126a3d66a', NULL),
('34ac121b-7207-4333-afe3-ef34360a203c', 'DROGUERIA', '9cf54164-99da-4aca-a6df-3568f157b996', NULL),
('d4f1f592-f9d6-491b-807f-81ac699c5562', 'ENERGY', '6dc3b64c-3725-4ff0-983a-8c73effe8620', NULL),
('14812fe0-164f-42d2-a426-cd09929c771d', 'ESSAP', '9b7e42a6-76ee-47dd-bec4-039f1b5acebc', NULL),
('4098710f-4cea-4cbd-bdb9-4517d4d2333a', 'ESSO', '6dc3b64c-3725-4ff0-983a-8c73effe8620', NULL),
('373e04c0-904a-4284-bfb5-bea6e9ee9622', 'FARMA OLIVA', '9cf54164-99da-4aca-a6df-3568f157b996', NULL),
('d7905209-847e-4305-ae22-2a83edccef82', 'FARMACENTER', '9cf54164-99da-4aca-a6df-3568f157b996', NULL),
('b1e55dc5-8b47-4bc4-9f59-8162c7845b81', 'FARMACIA', '9cf54164-99da-4aca-a6df-3568f157b996', NULL),
('67d47cd8-5a11-4673-99eb-04ed340d2660', 'FARMATOTAL', '9cf54164-99da-4aca-a6df-3568f157b996', NULL),
('4b881b2e-d11b-40de-b33b-915180124028', 'GIRO WIN', 'd21b4724-9e4a-47c3-927c-9e17d483d283', NULL),
('a9615267-9660-4c46-b766-7c8e2435d09f', 'GRANJA', '54631841-35d8-4f89-85c4-cdfe91fce519', NULL),
('3e931d94-86a2-45ca-b807-a25f1f15cbd9', 'GRIDO', '19e24145-6c71-49b0-9470-4a2eab81ee02', NULL),
('7ca2f230-b42a-4104-8c6a-65363139762e', 'HAMBURG', 'b1980305-5255-4242-86ea-000e748be04c', NULL),
('b3dee4a1-0a7d-41fb-9b8d-62d872b95680', 'HBO', '462cf0a8-1748-49ac-8f37-25c126a3d66a', NULL),
('7c177b99-3956-4782-bcb7-cf234c8a203f', 'HELADERIA', '19e24145-6c71-49b0-9470-4a2eab81ee02', NULL),
('c104e97e-4db5-4e06-956d-3f49ff0395a3', 'HIPER', '54631841-35d8-4f89-85c4-cdfe91fce519', NULL),
('8309eb47-638a-4c24-a862-e83053c42772', 'KFC', 'b1980305-5255-4242-86ea-000e748be04c', NULL),
('d305b980-c1cf-4a8a-867c-18b73c4024d9', 'LOMITERIA', 'b1980305-5255-4242-86ea-000e748be04c', NULL),
('cd0ce9cd-d091-48ca-ab88-da652d2a8315', 'LOS JARDINES', '54631841-35d8-4f89-85c4-cdfe91fce519', NULL),
('79be064c-1047-4e09-b22e-fff0577dacc1', 'MANGO', '54282e29-09ec-4da6-a925-a1216f83b8d7', NULL),
('17e603c9-940a-4998-8a34-f83ab580326a', 'MBURUCUYA', '19e24145-6c71-49b0-9470-4a2eab81ee02', NULL),
('7df2c282-26d8-4e85-8cad-330c1a0540dd', 'MC DONALDS', 'b1980305-5255-4242-86ea-000e748be04c', NULL),
('1b73b393-c7ad-4369-b580-c7cf54c516cb', 'MONTE ALTO', '6dc3b64c-3725-4ff0-983a-8c73effe8620', NULL),
('8e6cb993-38ed-42b8-b629-97da8254af07', 'MUV', '3c0cb735-cc8f-4fc5-9520-a6cf652d91da', NULL),
('36721e6d-40ed-409e-8d3f-cea7c5998450', 'NETFLIX', '462cf0a8-1748-49ac-8f37-25c126a3d66a', NULL),
('4e813b13-7f2b-4901-8a58-a395705be289', 'NUESTRA CASA', '54631841-35d8-4f89-85c4-cdfe91fce519', NULL),
('a1475d8a-6394-4042-9cbb-54a9a9050d6b', 'PANADERIA', '19e24145-6c71-49b0-9470-4a2eab81ee02', NULL),
('2d55e78f-b739-4692-8bc6-3972639da4aa', 'PARRILLA', 'b1980305-5255-4242-86ea-000e748be04c', NULL),
('2c2d9689-b2cd-49c1-b4d1-8d8c47464526', 'PERSONAL', '9b7e42a6-76ee-47dd-bec4-039f1b5acebc', NULL),
('1b539cc8-db2e-4414-9ada-f0a7e9159408', 'PETROBRAS', '6dc3b64c-3725-4ff0-983a-8c73effe8620', NULL),
('a78a416f-c9af-4c39-858e-71fa2efc1e8f', 'PETSHOP CITY', 'c8c2eca3-6c6d-4ec0-98ad-7e3d172e12d2', NULL),
('2dc1e49e-d684-4d8e-9245-4a93c3f6a636', 'PIZZA HUT', 'b1980305-5255-4242-86ea-000e748be04c', NULL),
('6518ebac-c410-4c7d-8ac8-7c239006b449', 'PIZZERIA', 'b1980305-5255-4242-86ea-000e748be04c', NULL),
('c0f2fc3c-9e65-40b2-9527-93d9bfe2c26b', 'PUMA', '6dc3b64c-3725-4ff0-983a-8c73effe8620', NULL),
('c120da4e-95c3-4413-836f-aa1014e85de5', 'PUNTO FARMA', '9cf54164-99da-4aca-a6df-3568f157b996', NULL),
('1f95782d-13b4-47ca-8433-423788426e9b', 'REAL', '54631841-35d8-4f89-85c4-cdfe91fce519', NULL),
('b5fca66e-085e-4f0b-8a86-43e4d3529783', 'REMIS', '3c0cb735-cc8f-4fc5-9520-a6cf652d91da', NULL),
('a044061a-8211-4fe4-881c-767335f121a8', 'RESTAURANT', 'b1980305-5255-4242-86ea-000e748be04c', NULL),
('d0438075-c312-46d3-be46-0d38571d45e3', 'SALEMMA', '54631841-35d8-4f89-85c4-cdfe91fce519', NULL),
('8a94828d-ebcc-4815-91a6-832fd41a750b', 'SHELL', '6dc3b64c-3725-4ff0-983a-8c73effe8620', NULL),
('9f334692-df50-40f9-86b5-92d9064b3d8a', 'SLOTS', 'd21b4724-9e4a-47c3-927c-9e17d483d283', NULL),
('1fea69e4-a901-451e-be46-4556d6310e0c', 'SOLBET', 'd21b4724-9e4a-47c3-927c-9e17d483d283', NULL),
('061e361c-35dd-468c-9c08-7d0501b96864', 'SPOTIFY', '462cf0a8-1748-49ac-8f37-25c126a3d66a', NULL),
('fd16d44a-a430-4625-9626-a03b1a458eb7', 'STOCK', '54631841-35d8-4f89-85c4-cdfe91fce519', NULL),
('f81e728e-3828-4163-9e34-b429ea9b5703', 'SUPER', '54631841-35d8-4f89-85c4-cdfe91fce519', NULL),
('cc84e9d4-ed52-4901-a993-08a264129db9', 'SUPER 6', '54631841-35d8-4f89-85c4-cdfe91fce519', NULL),
('29ff7806-67f1-4e6f-b09b-823ebd02887a', 'SUPERSEIS', '54631841-35d8-4f89-85c4-cdfe91fce519', NULL),
('7694bc94-9411-4a39-9b74-f3c4609b96df', 'TAXI', '3c0cb735-cc8f-4fc5-9520-a6cf652d91da', NULL),
('a83e587c-007c-41f4-b6c1-65223386e7ec', 'TIGO', '9b7e42a6-76ee-47dd-bec4-039f1b5acebc', NULL),
('4e16dc81-1522-44d5-9e0b-d1105200f7ab', 'TRAGAMONEDA', 'd21b4724-9e4a-47c3-927c-9e17d483d283', NULL),
('9cbac89b-8777-4d64-9b6f-caf82d4c0961', 'UBER', '3c0cb735-cc8f-4fc5-9520-a6cf652d91da', NULL)
ON CONFLICT (marca) DO NOTHING;

COMMIT;
